state_ut,poverty_multi_rur_2015,poverty_multi_urb_2015,poverty_multi_tot_2015,poverty_multi_rur_2019,poverty_multi_urb_2019,poverty_multi_tot_2019,mgnrega_2019,mgnrega_2022,pmmvy_2019,pmmvy_2022,senior_help_2019,senior_help_2022,pension_nps_2019,pension_nps_2022,gini_rur_hh_2022,gini_urb_hh_2022,higher_ed_2019,higher_ed_2021,tus_rur_male_domestic_mins,tus_rur_female_domestic_mins,tus_rur_person_domestic_mins,tus_rur_male_caregiving_mins,tus_rur_female_caregiving_mins,tus_rur_person_caregiving_mins,tus_tot_male_domestic_mins,tus_tot_female_domestic_mins,tus_tot_person_domestic_mins,tus_tot_male_caregiving_mins,tus_tot_female_caregiving_mins,tus_tot_person_caregiving_mins,tus_urb_male_domestic_mins,tus_urb_female_domestic_mins,tus_urb_person_domestic_mins,tus_urb_male_caregiving_mins,tus_urb_female_caregiving_mins,tus_urb_person_caregiving_mins,fem_manage_ratio_2019,fem_manage_ratio_2022,cas_wage_male_2019,cas_wage_female_2019,cas_wage_person_2019,cas_wage_male_2022,cas_wage_female_2022,cas_wage_person_2022,agr_wage_male_2019,agr_wage_female_2019,agr_wage_person_2019,agr_wage_male_2022,agr_wage_female_2022,agr_wage_person_2022,bank_per_2019,bank_vil_bc_prop_2019,bank_per_2022,bank_vil_bc_prop_2022,atm_per_000_2019,atm_per_000_2022,Pop_2015,Pop_2019,Pop_2021,Pop_2022,acc_per_per_2019,acc_per_per_2022,msme_credit_amt_2019,msme_credit_amt_2022,msme_num_2020,msme_num_2022,wag_rur_mal_2019,wag_rur_mal_ratio_2019,wag_rur_fem_2019,wag_rur_fem_ratio_2019,wag_rur_tot_2019,wag_rur_tot_ratio_2019,wag_rur_mal_2022,wag_rur_mal_ratio_2022,wag_rur_fem_2022,wag_rur_fem_ratio_2022,wag_rur_rur_2022,wag_rur_rur_ratio_2022,wag_tot_mal_2019,wag_tot_mal_ratio_2019,wag_tot_fem_2019,wag_tot_fem_ratio_2019,wag_tot_tot_2019,wag_tot_tot_ratio_2019,wag_tot_mal_2022,wag_tot_mal_ratio_2022,wag_tot_fem_2022,wag_tot_fem_ratio_2022,wag_tot_tot_2022,wag_tot_tot_ratio_2022,wag_urb_mal_2019,wag_urb_mal_ratio_2019,wag_urb_fem_2019,wag_urb_fem_ratio_2019,wag_urb_tot_2019,wag_urb_tot_ratio_2019,wag_urb_mal_2022,wag_urb_mal_ratio_2022,wag_urb_fem_2022,wag_urb_fem_ratio_2022,wag_urb_urb_2022,wag_urb_urb_ratio_2022,unemp_rur_mal_2019,unemp_rur_fem_2019,unemp_rur_per_2019,unemp_urb_mal_2019,unemp_urb_fem_2019,unemp_urb_per_2019,unemp_tot_mal_2019,unemp_tot_fem_2019,unemp_tot_per_2019,unemp_rur_mal_2022,unemp_rur_fem_2022,unemp_rur_per_2022,unemp_urb_mal_2022,unemp_urb_fem_2022,unemp_urb_per_2022,unemp_tot_mal_2022,unemp_tot_fem_2022,unemp_tot_per_2022,lfpr_rur_mal_2022,lfpr_rur_fem_2022,lfpr_rur_per_2022,lfpr_urb_mal_2022,lfpr_urb_fem_2022,lfpr_urb_per_2022,lfpr_tot_mal_2022,lfpr_tot_fem_2022,lfpr_tot_per_2022,nfs_app_vol,shg_num_2019,shg_loans_2019,shg_num_2021,shg_loans_2021,digital_payment_per_capita,urb_pct_2011,urb_pct_2021,urb_pct_2031,exp_hh,exp_onl_hh,exp_onl_pct_hh,internet_has,op_fuel,op_cons,op_educ,op_meds,op_other,educ_mem,educ_free_book,educ_free_book_num,educ_free_pap,educ_free_pap_num,educ_free_bag,educ_free_bag_num,educ_free_other,educ_free_other_num,educ_free_tuit,educ_free_tuit_num,educ_att_mean,educ_att_med,educ_att_std,has_tv,has_radio,has_laptop,has_mobile_dev,has_bicycle,has_scooter,has_motorcar,has_truck,has_animalcar,has_fridge,has_washmach,has_aircon,land_owns,land_agr_owns,pay_cd,pay_cd_used,pay_ewal,pay_ewal_used,acct_comm,acct_post,acct_nbfc,acct_nia,reg_loan_val_sd,reg_loan_val_acq,reg_loan_val_disp,reg_loan_val_aa,reg_loan_year_borr,reg_loan_amt_borr,reg_loan_ten,reg_loan_aroi,reg_loan_amt_out,kind_loan_per,kind_loan_amt_out,kind_loan_src_pro,kind_loan_src_supp,kind_loan_src_other,kind_loan_src_f&f,dig_soc_fb,dig_soc_ig,dig_soc_wa,su_ai,su_arvr,su_adv,su_space,su_agri,su_air,su_meas,su_anim,su_arch,su_art,su_auto,su_biotech,su_chem,su_cv,su_cons,su_dating,su_design,su_educ,su_saas,su_events,su_fashion,su_fintech,su_f&b,su_greentech,su_healthcare,su_hhs,su_hr,su_it,su_inlang,su_iot,su_log,su_mark,su_media,su_nanotech,su_nre,su_or,su_others,su_pass,su_pets,su_pcs,su_realestate,su_energy,su_retail,su_robot,su_safety,su_sec,su_socimp,su_socnet,su_sports,su_hard,su_telecom,su_text,su_toys,su_storage,su_travel,su_wm,stud_marks_mean,stud_marks_median,stud_marks_std,school_bwr,school_comp,school_med,school_digilib,school_water,school_elec,school_func_bwr,school_func_water,school_func_elec,school_func_gwr,school_gwr,school_wash,schoool_internet,school_kg,school_lib,school_play,school_ptr,school_rwhs,school_ramp,school_r&h,school_cwsn,school_solar,school_func_comp,bse_clients,ut_num_districts,ut_rolledout_districts,num_launched_eservices,eservices_per_district,ut_rolledout_districts_pct,total_population,pop_on_Aadhaar,pop_on_Aadhaar_pct,Count_3mo_Drought_2000_2022,Count_12mo_Drought_2000_2022,Count_24mo_Drought_2000_2022,Count_3mo_Flood_2000_2022,Count_12mo_Flood_2000_2022,Count_24mo_Flood_2000_2022
Andaman and Nicobar Islands,6.75,0.97,4.29,2.71,1.6,2.3,8329,6724,96.73,88.46,0,0,13994,15475,0.263,0.252,0.4513,0.658,23.0,247.0,146.0,11.0,38.0,26.0,28.0,255.0,142.0,11.0,40.0,25.0,32.0,268.0,137.0,11.0,42.0,25.0,0.09,0.127,527.5,353.5,473.25,639.0,432.3333,610.25,450.0,289.4368,440.0,546.5,380.0,539.75,146.2312,0.821306,146.2687,0.867347,30.15075,30.84577,391,398,401,402,1.696095,1.784391,718.93,914.8169,1827,3881,100.0,1.920406,87.0,1.650485,96.0,1.597877,133,1.977756,102,2.848214,126,1.694499,113.0,2.135529,100.0,2.115672,110.0,1.955782,126,1.806839,105,2.77551,121,1.554245,126.0,2.239362,119.0,2.178125,124.0,2.064516,121,2.019074,106,3.463768,117,1.835227,6.3,26.5,12.7,6.3,28.6,12.4,6.3,27.3,12.6,2.3,13.9,6.6,6.3,28.1,14.0,4.0,19.8,9.7,89.9,56.1,73.2,87.3,50.2,68.8,88.7,53.5,71.2,0.17,87,3.11,34,0.28,2.35,37.6,43.0,48.7,18185.13058,738.1149958,0.03279855,0.76,0.046,0.001,0.026,0.003,0.318,0.485,0.184,10.52173913,0.003,1.333333333,0.0,,0.0,,0.094845361,1.391304348,5.669448183,5,3.246392404,0.871,0.024,0.096,0.973,0.104,0.474,0.125,0.0,0.001,0.778,0.523,0.029,0.125572869,0.379562044,0.682310469,0.94356261,0.022864019,0.842105263,0.898258478,0.021998167,0.0,0.0,256750.0,28350.0,0.0,242575.0,2016.449367,431033.67,2.632911392,10.12835443,300286.1554,2.333333333,86733.33333,0.0,0.083333333,0.333333333,0.083333333,,,,0,3,0,0,7,0,0,0,0,0,2,0,0,0,8,0,0,1,0,0,0,0,3,1,1,0,1,7,0,1,1,4,0,0,5,3,0,0,0,3,0,0,1,0,0,0,0,0,0,0,0,1,0,3,15,0,192.737561,155,126.3543134,0.995192308,0.403846154,0.670673077,0.019230769,1.0,0.927884615,0.992788462,1.0,0.927884615,0.995192308,0.997596154,1.0,0.449519231,0.514423077,0.995192308,0.961538462,0.033653846,0.225961538,0.627403846,0.353365385,0.230769231,0.03125,0.401442308,44811,3.0,3.0,64.0,21.33333333,1.0,403000,387442,0.961394541,5,1,9,13,15,3
Andhra Pradesh,14.72,4.63,11.77,7.71,2.2,6.06,7739531,9863737,96.4,72.27,21175,25850,869765,1103550,0.243,0.283,0.5216,0.567,16.0,239.0,131.0,10.0,41.0,26.0,16.0,237.0,130.0,10.0,41.0,26.0,15.0,233.0,128.0,10.0,42.0,26.0,0.323,0.213,371.75,222.0,314.5,550.25,322.5,464.75,331.5,214.5,274.75,467.25,305.25,376.0,84.4195,0.50355,131.8488,0.700489,21.09151,23.34822,51222,52386,52895,53079,2.049092,2.273489,57234.34,83162.34,65343,245591,46.0,1.495726,29.0,1.288462,40.0,1.567164,75,1.841693,55,1.540084,69,1.75,55.0,1.844512,35.0,2.25365,49.0,1.929224,81,2.045095,59,2.161458,74,2.017327,70.0,2.138554,51.0,2.515823,65.0,2.088542,89,2.411972,71,2.520221,85,2.467593,4.4,3.0,3.9,6.3,7.8,6.7,5.0,4.1,4.7,3.5,3.0,3.3,6.0,7.5,6.5,4.2,4.0,4.1,85.1,58.5,71.6,80.3,36.1,57.5,83.6,51.5,67.3,16.85,693019,20397.35,739334,39388.42,17.683,29.5,35.3,41.5,10379.34186,354.1720613,0.029237874,0.667898473,0.080326753,0.009044053,0.001750462,0.002820189,0.34250705,0.422250316,0.175824176,9.749446903,0.047456968,5.157786885,0.171545269,1.569727891,0.130020422,2.726252805,0.284661446,1.122168285,4.458857867,4,3.462681422,0.824953807,0.001653214,0.034231255,0.932607216,0.166488379,0.578527667,0.025478946,0.000777983,0.00505689,0.509773412,0.179714091,0.170281046,0.252228283,0.4092827,0.44383416,0.772854291,0.086374911,0.964102564,0.71611015,0.052680591,0.001995477,0.004988692,576308.8951,423114.7486,10439.41606,341288.4069,2017.532878,156249.6908,2.091064165,18.95728513,149889.7617,2.113636364,16283.95322,0.005847953,0.347953216,0.134502924,0.026315789,284.1818182,1267.909091,1865.636364,57,9,14,34,212,0,16,4,9,5,76,27,18,3,167,1,14,175,32,8,17,53,136,51,194,14,41,392,6,40,17,45,23,4,54,21,42,0,2,113,13,62,42,23,3,13,11,10,7,90,19,22,8,39,28,17,260.971024,224,174.3136079,0.856056693,0.116952928,0.880754827,0.050203396,0.999467295,0.988296636,0.835975334,0.991170014,0.97959579,0.956883192,0.966455737,0.984228708,0.560857493,0.277377801,0.975721573,0.793746368,0.000419707,0.347355847,0.537644476,0.359188352,0.199134758,0.056224575,0.103619164,8135028,13.0,13.0,50.0,3.846153846,1.0,53156000,51708514,0.972769095,4,1,0,5,8,6
Arunachal Pradesh,29.2,8.08,24.23,15.14,5.9,13.76,190151,295822,92.76,81.3,0,0,32036,40501,0.28,0.277,0.3582,0.537,53.0,276.0,165.0,29.0,56.0,42.0,53.0,279.0,166.0,28.0,55.0,42.0,47.0,309.0,175.0,20.0,52.0,36.0,0.199,0.094,373.75,317.25,361.75,479.75,397.0,464.0,343.0,299.5,331.0,427.25,359.0,394.5,181.0721,0.901316,197.5563,0.898763,16.47915,18.19936,1452,1511,1540,1555,1.179871,1.441929,812.22,1091.709,726,6953,115.0,1.999309,65.0,1.50495,105.0,1.869565,124,2.427226,90,2.15534,116,1.9071,122.0,2.073643,85.0,1.809091,115.0,1.984501,127,2.675234,97,2.658416,121,2.378049,135.0,1.915236,122.0,2.143333,133.0,1.869469,137,2.53886,124,4.609524,134,2.548956,5.4,9.2,6.3,8.4,11.4,9.0,5.9,9.5,6.7,4.5,3.1,3.9,7.9,16.9,10.9,5.0,4.5,4.8,80.0,64.7,72.6,73.8,38.6,56.5,79.0,60.3,70.0,0.34,51,0.97,648,7.72,1.041,22.9,25.2,27.5,12365.62129,617.8088342,0.04064904,0.51056951,0.073613529,0.024620741,0.015170356,0.004725193,0.322805272,0.604575976,0.281024621,9.260176991,0.001492166,2.833333333,0.002735638,1.636363636,0.030092017,2.809917355,0.077745784,1.645502646,5.119628405,5,3.347524744,0.73041532,0.027605073,0.127828898,0.944541159,0.130564536,0.454364586,0.206416314,0.000746083,0.000248694,0.309873166,0.117383735,0.017905994,0.251422964,0.739266198,0.510599637,0.946619217,0.033313144,0.981818182,0.62747792,0.049460255,0.001962709,0.011187439,96000.0,6625.0,0.0,93350.0,2017.495682,121387.3327,1.994818653,6.033937824,62719.70577,3.12195122,27446.34146,0.0,0.048780488,0.097560976,0.353658537,,,,0,0,0,0,13,0,0,0,0,0,1,1,1,0,7,0,0,3,0,1,1,1,3,0,1,0,1,2,0,0,0,1,0,0,1,0,0,0,0,2,0,1,0,0,0,0,1,0,0,0,2,0,0,0,3,0,162.9105384,129,116.6579948,0.919511518,0.076325284,0.359422703,0.008881488,0.819039689,0.666666667,0.672495143,0.679433805,0.537885096,0.68692756,0.912295309,0.452400777,0.220371912,0.207049681,0.449902859,0.68220927,0.004163197,0.049403275,0.245351096,0.176797114,0.10435748,0.048848182,0.072994727,87337,26.0,26.0,17.0,0.653846154,1.0,1562000,1237756,0.792417414,23,28,14,10,2,0
Assam,36.14,9.94,32.65,21.41,6.88,19.35,3218557,3846101,95.32,86.24,14825,15475,449202,535028,0.207,0.285,0.3091,0.401,64.0,339.0,203.0,21.0,64.0,43.0,63.0,339.0,202.0,21.0,64.0,43.0,55.0,337.0,193.0,18.0,61.0,39.0,0.069,0.073,317.25,238.0,306.5,448.25,269.25,436.0,286.75,208.25,262.75,363.75,260.5,333.5,76.43139,0.78918,102.5131,0.818822,11.37575,13.12793,33005,34512,35239,35573,1.43509,1.746158,20259.55,24120.24,17187,133461,55.0,2.107301,39.0,3.488372,51.0,2.230861,64,1.823347,47,1.746753,62,1.554622,60.0,2.642405,44.0,3.390152,57.0,2.649083,66,2.254098,51,2.234177,64,2.029289,91.0,1.770362,74.0,2.361842,87.0,1.642045,96,2.677273,85,3.275,94,2.64186,6.8,12.9,7.8,6.3,18.3,8.7,6.7,13.7,7.9,1.2,2.7,1.5,3.6,12.7,6.1,1.3,3.4,1.7,93.2,20.0,56.8,81.7,32.7,57.5,92.7,20.5,56.8,8.23,32710,358.11,106057,1869.97,1.764,14.1,15.3,16.5,9673.787112,283.034201,0.023979637,0.782644242,0.022191077,0.005606167,0.007241299,0.003971035,0.214552675,0.606984349,0.401424901,9.044515566,0.048586779,5.088942308,0.09950946,1.491784038,0.178112591,2.633442623,0.176063113,1.601092896,4.733329814,5,2.753995433,0.580939033,0.018453632,0.054309741,0.97091801,0.652067274,0.311142256,0.060850269,0.000583976,0.006190142,0.19399673,0.055010512,0.016701705,0.21903487,0.562572759,0.473733234,0.825796304,0.039772727,0.87587822,0.586536623,0.020144068,0.004398547,0.000828712,45000.0,24000.0,,21000.0,2017.737917,130344.6235,2.030416667,13.32387083,110030.7067,2.125,5121.595745,0.0,0.255319149,0.042553191,0.212765957,638.5,622.3,1749.1,13,1,13,7,148,0,5,1,5,1,23,7,17,2,197,0,11,105,8,4,15,21,94,28,134,14,15,97,4,3,4,25,23,2,51,9,38,1,5,65,8,21,35,1,2,16,17,4,4,21,11,26,4,34,57,10,190.9270822,137,154.3636448,0.85236366,0.046533791,0.585221578,0.005159467,0.938710791,0.77074878,0.76498135,0.913357104,0.750636718,0.8242002,0.883369756,0.892127705,0.117090324,0.528171676,0.873625922,0.784386861,0.00034506,0.054897386,0.693208893,0.615652574,0.182290212,0.030628173,0.043559704,4474116,34.0,34.0,46.0,1.352941176,1.0,35713000,30507919,0.854252485,24,50,44,4,0,0
Bihar,56.0,23.85,51.89,36.95,16.67,33.76,4878629,6804916,87.97,89.69,0,0,604197,772806,0.219,0.278,0.308,0.359,41.0,369.0,204.0,26.0,76.0,51.0,40.0,366.0,202.0,25.0,75.0,50.0,35.0,345.0,185.0,20.0,66.0,42.0,0.05,0.03,322.0,234.0,311.5,397.0,341.75,388.25,276.0,230.5,262.75,359.25,328.75,348.0,135.6307,0.31295,249.6964,0.737822,6.83068,7.683088,113336,120559,124154,125991,1.224404,1.386825,29784.55,40029.6,90291,323344,45.0,1.880952,35.0,2.34188,43.0,1.964286,56,1.659919,57,2.061798,56,1.651423,47.0,2.58216,39.0,2.634146,46.0,2.7,59,2.322835,61,3.122222,59,2.305777,68.0,2.855615,72.0,2.322034,69.0,2.721925,83,2.747396,109,4.666667,86,2.828947,5.4,0.5,4.8,8.1,12.4,8.6,5.7,1.7,5.3,4.4,1.2,3.6,7.3,9.7,7.7,4.6,1.6,3.9,78.1,24.8,51.5,72.9,13.8,44.8,77.6,23.9,50.9,13.92,441616,3730.62,565214,5945.81,1.934,11.3,12.1,12.9,8892.085378,195.8709623,0.017171555,0.553538175,0.023975791,0.005935754,0.007041434,0.005528399,0.087756052,0.55679702,0.069774209,6.919166667,0.004248138,6.01369863,0.002153166,1.945945946,0.011522346,2.126262626,0.070129599,2.02533532,4.011612172,3,3.093601744,0.401187151,0.025314246,0.021589851,0.961883147,0.701582868,0.329143389,0.013093575,0.000407356,0.003957169,0.10643622,0.04108473,0.032704842,0.202894525,0.507803943,0.287162774,0.777269861,0.04445048,0.933808554,0.594627629,0.011055863,0.001138921,0.001444485,380253.275,70003.125,41379.31034,354250.775,2017.230577,79426.2035,2.19684123,18.7838936,71339.52389,1.915540541,4809.379661,0.016949153,0.153389831,0.161864407,0.169491525,81.14285714,401.7857143,968.2857143,23,3,24,19,249,0,4,2,15,17,46,6,16,4,605,6,7,216,16,18,40,58,192,39,235,31,109,230,12,19,7,54,38,1,64,26,40,1,5,170,39,64,64,8,9,64,23,10,6,64,32,42,4,32,37,24,188.5871516,133,158.6727472,0.965727473,0.020501261,0.138474749,0.010315032,0.997273654,0.887522138,0.955315837,0.992604519,0.875478989,0.974571996,0.982590028,0.863639779,0.111425965,0.195438201,0.633510438,0.498427521,0.000504481,0.153995599,0.710341867,0.375130145,0.144185048,0.082552461,0.019363495,8939205,38.0,38.0,89.0,2.342105263,1.0,126756000,108779039,0.858176646,10,17,14,3,0,0
Chandigarh,18.56,5.45,5.97,3.88,3.51,3.52,0,0,96.22,77.14,0,0,34172,41871,0.213,0.28,0.7803,0.817,27.0,303.0,128.0,15.0,97.0,45.0,21.0,224.0,113.0,11.0,59.0,33.0,20.0,222.0,112.0,11.0,58.0,32.0,0.122,0.085,360.0,271.6667,350.25,495.5,407.5,489.0,0.0,0.0,0.0,0.0,0.0,0.0,75.8214,0.156667,86.62316,0.341808,56.19208,60.68515,1130,1187,1215,1226,4.249708,5.997632,11074.47,12605.26,5748,10112,56.0,1.917024,30.0,2.736264,52.0,1.976401,60,1.125581,38,1.880597,54,1.211823,76.0,2.735656,70.0,3.586387,75.0,2.741597,125,2.776741,100,3.465,120,2.639594,78.0,2.695783,72.0,3.512821,77.0,2.680041,129,2.780172,105,3.38474,124,2.628125,3.1,36.5,9.9,6.1,6.0,6.1,6.0,7.6,6.3,0.7,10.7,3.2,4.5,2.4,4.0,4.3,2.9,4.0,88.0,30.1,58.1,81.0,24.6,53.8,81.3,24.9,54.0,0.83,0,0.0,0,0.0,38.481,97.2,99.7,100.0,17157.58684,1567.812464,0.092072103,0.908333333,0.4,0.0375,0.056944444,0.056944444,0.422222222,0.508333333,0.020833333,8.933333333,0.001388889,8.0,0.0,,0.0,,0.032786885,1.583333333,6.547955975,6,3.810604105,0.861111111,0.006944444,0.344444444,1.0,0.4125,0.711111111,0.252777778,0.0,0.005555556,0.816666667,0.526388889,0.738888889,0.166216216,0.365853659,0.704633205,0.893150685,0.247104247,0.9609375,0.797297297,0.071621622,0.0,0.0,326153.3333,53250.0,41739.13043,315553.3333,2016.7,878408.2009,2.366666667,10.0875,1031867.489,,,,,,,243.0967742,783.1935484,1120.967742,8,1,2,4,18,0,4,0,5,0,9,1,5,0,17,0,2,42,9,3,13,21,16,10,81,7,10,63,0,5,4,10,12,0,6,4,15,0,1,28,9,9,10,3,0,7,2,2,5,11,6,10,0,6,11,5,304.883253,270,178.1124322,0.987124464,0.824034335,0.274678112,0.103004292,1.0,1.0,0.987124464,1.0,1.0,0.995708155,0.995708155,1.0,0.987124464,0.755364807,0.982832618,0.9527897,0.124463519,0.52360515,0.875536481,0.540772532,0.733905579,0.678111588,0.824034335,472323,1.0,1.0,22.0,22.0,1.0,1231000,1158593,0.941180341,12,15,2,19,24,19
Chattisgarh,35.73,10.17,29.9,19.71,4.59,16.37,5894148,5778908,94.98,93.6,25,50,558218,627734,0.266,0.313,0.543,0.681,31.0,254.0,142.0,14.0,36.0,25.0,29.0,253.0,140.0,14.0,37.0,25.0,21.0,248.0,133.0,11.0,40.0,26.0,0.233,0.134,211.0,136.0,185.25,252.75,183.5,228.25,157.0,123.5,134.25,178.5,152.25,164.75,175.4767,0.3438,267.2837,0.840828,12.41537,14.61531,27403,28948,29693,30037,1.506644,1.633888,23107.35,36423.07,33099,108557,44.0,2.318075,31.0,2.061404,40.0,2.308673,42,2.243789,30,1.782946,38,2.012987,56.0,2.396694,41.0,3.254573,51.0,2.439693,52,2.890212,37,3.035714,47,2.727901,77.0,2.191964,71.0,2.93125,76.0,2.196691,76,2.772177,59,3.15,71,2.767857,3.2,1.1,2.3,8.6,9.4,8.8,4.1,1.9,3.3,1.9,0.9,1.5,6.8,10.2,7.8,2.8,2.0,2.5,87.6,71.1,79.6,83.1,37.0,59.5,86.8,64.1,75.6,6.84,48056,468.42,77647,924.73,0.434,23.2,26.5,29.7,8319.483812,216.4072409,0.016159845,0.630191693,0.051118211,0.008386581,0.002995208,0.007587859,0.139376997,0.501397764,0.24201278,8.688943894,0.007388179,4.351351351,0.007388179,1.405405405,0.056908946,2.368421053,0.193946635,1.613963039,4.78373117,4,3.318251787,0.72284345,0.006589457,0.060702875,0.877795527,0.603833866,0.636980831,0.057308307,0.001597444,0.006389776,0.303115016,0.136182109,0.613618211,0.217495746,0.629544409,0.42582897,0.658811475,0.040430483,0.946043165,0.742468221,0.020518467,0.001201081,0.003503153,206705.8824,59000.0,,192823.5294,2017.534098,162619.5916,2.092356688,8.189675159,120166.3531,2.345794393,10205.88177,0.019704433,0.374384236,0.113300493,0.019704433,103.0,755.6,1155.0,17,3,10,17,206,1,5,2,4,8,38,6,21,3,115,2,9,118,12,6,9,44,92,33,143,13,18,154,3,17,20,36,25,0,20,21,44,0,2,91,17,77,35,6,5,14,15,9,5,60,19,21,3,35,14,13,185.6360842,137,145.1398217,0.964273075,0.059120187,0.65377265,0.013483862,0.999787656,0.957885051,0.91962769,0.983136325,0.914000566,0.961282559,0.977703851,0.981844564,0.366913222,0.544769253,0.98189765,0.791584088,0.000406993,0.375548556,0.834813845,0.608914921,0.72991577,0.036894819,0.043972961,2521755,28.0,28.0,129.0,4.607142857,1.0,30180000,28132668,0.932162624,11,3,2,10,11,11
Dadra & Nagar Haveli and Daman & Diu,35.74,5.72,19.58,12.27,5.67,9.21,0,0,93.54938,86.51,0,0,4301,5695,0.288,0.209,0.507771,0.490494,26.46914,263.4239,137.4753,11.58848,59.00412,34.00206,42.82305,299.0658,141.0617,9.117284,60.1749,28.23457,49.64609,339.8827,144.0021,8.117284,69.81893,27.76337,0.185068,0.2,310.2335,124.5,162.7263,339.75,322.0,338.25,225.0,150.0,225.0,275.0,240.0,264.5,90.84507,0.142857,95.75163,0.532423,56.9,25.4,765,994,1132,1224,1.700885,1.542845,1306.95,2056.716,3100,5099,46.17901,2.231986,28.88272,2.409561,43.59054,2.247851,47,1.411411,35,2.833333,45,1.410256,50.46914,2.275879,50.23457,3.989816,50.46914,2.362884,59,2.302632,46,2.395161,58,2.322154,53.82099,1.903681,69.8786,4.88684,54.82099,2.092108,64,2.254717,53,2.43609,63,2.268868,2.465021,0.0,1.647325,4.78786,1.21214,4.352675,3.746914,0.865021,2.970576,3.1,6.0,4.1,0.5,5.6,1.4,1.4,5.9,2.5,88.3,60.3,75.9,91.9,27.0,64.4,90.7,38.8,68.4,0.57,17,0.16,83,0.75,8.642002,55.15638,75.01502,83.94959,10205.07878,301.3870968,0.026454975,0.832344214,0.118694362,0.037091988,0.011869436,0.016320475,0.396142433,0.336795252,0.204747774,11.04347826,0.071216617,6.5,0.06379822,2.0,0.037091988,2.24,0.110132159,2.04,4.741948975,5,2.842724143,0.520771513,0.008902077,0.044510386,0.979228487,0.277448071,0.488130564,0.050445104,0.0,0.002967359,0.378338279,0.09495549,0.087537092,0.162943495,0.455645161,0.567191844,0.91503268,0.112140871,0.991735537,0.821287779,0.022339028,0.00065703,0.00065703,185590.5281,8540.157143,3688.130081,188921.2108,2017.167722,307457.5365,2.452531646,9.521170886,279109.1055,2.266666667,4683.333333,0.233333333,0.066666667,0.133333333,0.066666667,,,,0,0,1,0,2,0,0,0,0,0,0,1,1,0,1,0,0,1,2,0,2,2,13,3,8,1,0,1,0,1,1,0,0,0,0,2,5,0,0,4,1,0,1,0,0,0,0,0,0,4,1,3,0,1,1,0,205.7064777,167,139.9269751,0.991304348,0.382608696,0.769565217,0.013043478,1.0,1.0,0.991304348,1.0,1.0,0.989130435,0.989130435,1.0,0.573913043,0.784782609,0.986956522,0.997826087,0.065217391,0.773913043,0.92826087,0.876086957,0.856521739,0.119565217,0.382608696,131315,3.0,3.0,43.0,14.33333333,1.0,650880,599432,0.920956244,20,4,13,24,47,50
Delhi,2.39,4.46,4.44,2.57,3.45,3.43,0,0,96.5,82.23,50,125,366225,504287,0.211,0.338,0.7282,0.949,43.0,313.0,161.0,9.0,53.0,28.0,29.0,292.0,148.0,8.0,32.0,19.0,28.0,292.0,148.0,8.0,31.0,18.0,0.079,0.129,434.25,345.6667,426.75,552.0,533.3333,551.25,350.0,285.0,321.5,423.6895,374.1749,402.0,89.93761,0.060658,96.91908,0.148087,42.72024,37.21161,18520,20035,20801,21195,2.98792,6.358175,108136.7,139553.0,89916,178889,59.0,1.275676,70.0,0.352113,62.0,1.193878,73,1.027451,24,2.5,70,1.124464,90.0,3.023585,115.0,5.110345,94.0,3.1875,76,2.376296,89,3.414815,78,2.457399,91.0,3.026316,116.0,5.21831,95.0,3.201923,76,2.421525,89,3.414815,78,2.498498,2.5,0.0,2.0,8.7,10.2,8.9,8.5,9.8,8.7,10.7,0.0,10.2,1.6,2.2,1.7,1.8,2.2,1.9,80.0,4.3,43.6,79.0,16.7,50.6,79.0,16.3,50.4,11.81,0,0.0,0,0.0,9.313,97.5,99.4,100.0,15768.98718,2892.051521,0.200346346,0.899567367,0.45210136,0.342398022,0.180469716,0.238257108,0.810568603,0.52750309,0.120210136,10.33915212,0.044808405,5.572413793,0.005562423,1.611111111,0.033374536,2.925925926,0.134739309,1.665217391,6.611275964,6,3.780371548,0.900494438,0.037082818,0.256798517,0.985475896,0.308096415,0.59487021,0.123609394,0.000618047,0.009579728,0.86526576,0.756798517,0.852904821,0.157939308,0.130473637,0.597926042,0.933246073,0.260027392,0.990218209,0.736767819,0.011009174,0.001129146,0.001834862,348260.0,38600.0,0.0,328960.0,2017.402542,457778.4162,2.15960452,12.64211864,451232.27,1.52173913,5154.744526,0.0,0.124087591,0.321167883,0.058394161,237.5806452,658.8817204,1096.005376,265,52,162,171,406,7,86,11,100,49,314,33,124,29,596,18,81,986,198,112,373,544,729,350,1643,139,537,1572,61,131,106,336,301,20,84,167,521,1,45,1056,151,415,411,53,71,325,110,121,86,489,211,331,55,260,342,135,256.1294637,213,168.6583926,0.849973305,0.460580174,0.411995017,0.048763125,1.0,1.0,0.849973305,1.0,1.0,0.835201993,0.835201993,1.0,1.0,0.347926677,1.0,0.964762413,0.005339028,0.897490657,1.0,1.0,1.0,0.281188824,0.460580174,9322249,11.0,11.0,87.0,7.909090909,1.0,21359000,22651593,1.060517487,24,23,33,19,13,8
Goa,4.44,3.34,3.76,1.9,0.12,0.84,1787,3880,93.96,55.45,0,0,52068,66371,0.213,0.252,0.6855,0.737,44.0,233.0,147.0,18.0,57.0,40.0,45.0,239.0,143.0,23.0,57.0,41.0,45.0,244.0,141.0,26.0,58.0,41.0,0.185,0.118,560.75,451.5,492.0,724.25,448.5,650.0,499.5,482.25,484.25,585.75,433.6667,559.75,71.65049,0.245709,82.17696,0.400465,64.78964,66.07257,1507,1545,1563,1571,4.18647,4.390585,4802.98,6126.678,6059,15504,75.0,1.556886,64.0,1.189516,73.0,1.202065,106,1.900134,71,2.523438,96,1.820423,84.0,2.113565,83.0,2.276936,84.0,2.109873,110,2.28352,90,1.376975,104,2.124277,88.0,2.18551,88.0,2.508562,88.0,2.223127,112,2.5,100,1.389803,109,2.235714,5.7,12.5,7.6,7.1,11.6,8.4,6.6,11.9,8.1,8.7,17.7,11.3,7.1,12.7,8.7,7.7,14.7,9.7,79.7,31.5,54.4,84.4,36.5,61.2,82.6,34.4,58.5,1.54,915,25.91,712,26.66,5.886,62.2,73.7,83.8,16351.45782,1322.62469,0.070964294,0.882869693,0.043923865,0.002928258,0.004392387,0.020497804,0.389458272,0.46852123,0.17715959,7.446280992,0.045387994,5.516129032,0.001464129,2.0,0.0,,0.003125,1.0,6.024305556,6,3.35483365,0.887262079,0.002928258,0.206442167,0.978038067,0.224011713,0.827232796,0.361639824,0.002928258,0.001464129,0.868228404,0.639824305,0.273792094,0.212943633,0.348039216,0.56147541,0.880778589,0.132513661,0.917525773,0.779749478,0.054279749,0.002087683,0.0,15676.85255,6273.513514,6242.477876,15701.08847,2016.671795,530557.6119,2.471794872,9.586410256,520155.4431,3.0,10000.0,0.0,0.0,0.0,0.5,40.0,390.0,750.0,11,0,4,5,13,0,1,1,2,4,14,1,5,1,29,1,7,26,12,10,10,14,49,11,40,1,6,67,1,10,3,18,14,0,10,4,18,0,2,39,6,10,16,3,1,5,0,1,3,15,2,3,1,14,39,4,196.6718053,152,142.7642368,0.99205298,0.299337748,0.243046358,0.014569536,1.0,1.0,0.990728477,1.0,1.0,0.99205298,0.99205298,1.0,0.582119205,0.237748344,0.997350993,0.894039735,0.014569536,0.030463576,0.607284768,0.550331126,0.067549669,0.018543046,0.297350993,423163,2.0,2.0,114.0,57.0,1.0,1575000,1616077,1.026080635,34,36,36,31,23,25
Gujarat,27.25,6.49,18.47,17.15,3.81,11.66,1582684,2069406,92.83,75.34,1350,175,654702,836919,0.226,0.281,0.4315,0.482,21.0,276.0,146.0,12.0,40.0,26.0,20.0,291.0,150.0,11.0,41.0,25.0,18.0,308.0,154.0,9.0,42.0,24.0,0.155,0.162,238.25,191.75,223.5,341.5,239.25,309.0,197.5,185.0,193.0,243.25,210.25,230.5,64.52042,0.414703,88.00405,0.558054,17.68649,20.09445,64765,68476,70289,71149,1.674943,1.844295,128908.1,211808.8,248342,522294,37.0,1.878378,31.0,3.36,35.0,1.936416,48,2.131643,35,1.32381,45,1.908537,49.0,2.463768,40.0,3.480392,47.0,2.537879,58,2.383333,44,2.252825,55,2.278409,59.0,2.354911,54.0,2.986014,58.0,2.358597,67,2.354772,56,2.69403,65,2.338362,2.0,0.1,1.4,2.9,3.4,3.0,2.4,1.1,2.0,1.9,0.6,1.4,1.9,3.3,2.2,1.9,1.3,1.7,88.2,58.9,73.9,84.4,29.5,58.2,86.5,46.2,67.0,19.81,26322,223.23,31657,309.31,2.389,42.6,47.7,52.6,13953.98982,461.1136055,0.026165407,0.842636895,0.146553252,0.018784335,0.007708666,0.007177033,0.313928761,0.504341662,0.243133085,9.996721311,0.021088074,4.705882353,0.012847776,1.296551724,0.013999646,2.088607595,0.165846803,1.718220339,4.775928908,4,3.216327304,0.701134149,0.017189438,0.071327308,0.973063973,0.257132731,0.730285309,0.110136452,0.002392344,0.009569378,0.585061138,0.177210704,0.191033138,0.204261605,0.499013807,0.374370316,0.814243518,0.095281976,0.951644101,0.71502753,0.03375263,0.00085053,0.000895295,53234.5679,11295.77465,1562.5,44567.90123,2017.224125,350225.0581,2.31379668,9.563615145,303908.6792,2.223048327,8263.121495,0.022429907,0.231775701,0.170093458,0.078504673,208.3687151,670.027933,975.0927374,115,53,67,105,837,0,48,6,86,45,333,42,337,22,744,6,79,429,164,38,327,321,656,306,1404,114,155,1237,65,116,70,183,137,28,169,144,281,1,21,821,79,602,227,55,43,97,53,49,49,700,81,362,54,194,159,136,245.1391684,197,165.2722439,0.959573638,0.207535608,0.8263542,0.025013463,0.999721454,0.999591465,0.940911032,0.999312919,0.999572896,0.957363837,0.971829678,0.967298657,0.919611521,0.423928989,0.959926464,0.882416297,0.000575662,0.222558541,0.81940911,0.593025199,0.349334274,0.055022191,0.203097436,19501064,33.0,33.0,298.0,9.03030303,1.0,71507000,65166810,0.911334695,22,2,2,8,10,0
Haryana,14.61,7.52,11.88,8.41,4.26,7.07,459283,547406,97.24,86.4,975,925,415685,543627,0.234,0.332,0.6176,0.755,13.0,278.0,138.0,10.0,48.0,28.0,15.0,269.0,134.0,9.0,46.0,26.0,17.0,253.0,127.0,8.0,42.0,24.0,0.075,0.079,383.25,276.25,370.0,488.5,355.25,468.25,353.25,259.25,316.25,412.25,352.75,377.5,110.8344,0.309207,139.2841,0.600416,24.10405,24.16328,27280,28908,29695,30058,2.117554,2.507445,55912.05,97119.95,103159,236816,59.0,1.750871,55.0,2.520053,59.0,1.703737,69,1.897007,58,1.567708,68,1.78125,71.0,2.554745,82.0,2.987668,72.0,2.532649,80,2.413495,70,1.960526,79,2.280702,85.0,2.923004,98.0,3.045267,88.0,2.905405,91,2.73569,81,2.226131,89,2.560345,6.8,4.9,6.5,6.0,8.4,6.5,6.5,6.5,6.5,6.6,3.0,5.8,6.1,8.2,6.5,6.4,4.7,6.1,79.0,24.0,52.4,79.1,22.5,53.4,79.0,23.5,52.8,8.97,7754,79.98,18263,234.04,12.42,34.9,40.9,46.7,15430.18767,1034.6427,0.050572075,0.546317388,0.154707669,0.051063022,0.04460896,0.046127563,0.431093394,0.581055429,0.079916477,9.505938242,0.014426727,5.684210526,0.006264237,1.575757576,0.008542141,1.977777778,0.077752369,1.743697479,5.31151723,5,3.603297461,0.840736522,0.047835991,0.135345482,0.992027335,0.441343964,0.684700076,0.162110858,0.001708428,0.025436598,0.776955201,0.649582384,0.626803341,0.211803149,0.469845722,0.423721651,0.875,0.117199606,0.947115385,0.718585999,0.030795128,0.001980394,0.001386276,68746.74286,22947.41935,2666.666667,49793.31429,2017.252932,386840.1888,2.08618052,11.86556349,319360.741,2.08,6316.0,0.0,0.42,0.05,0.03,,,,177,30,67,75,321,3,50,2,53,31,243,15,62,13,428,11,39,479,148,33,157,271,428,190,752,71,215,832,15,84,57,188,107,6,93,80,185,4,31,419,104,218,229,27,30,81,45,57,52,253,86,153,31,155,155,83,261.3565439,215,177.7227848,0.934249347,0.286183933,0.625895642,0.02887128,0.99763972,0.991401838,0.928011464,0.99490011,0.978209559,0.953300177,0.960085982,0.994605075,0.512433617,0.350585855,0.970496502,0.898550114,0.001053696,0.309070218,0.726460423,0.458610807,0.437747619,0.164292338,0.280704712,7117029,22.0,22.0,549.0,24.95454545,1.0,30209000,30038583,0.994358734,13,7,9,12,8,12
Himachal Pradesh,8.21,1.46,7.59,5.23,2.96,4.93,792928,957839,95.86,76.51,4850,25,140317,200110,0.288,0.311,0.8343,0.941,22.0,246.0,140.0,8.0,40.0,25.0,23.0,244.0,139.0,8.0,41.0,25.0,36.0,216.0,126.0,6.0,48.0,27.0,0.146,0.152,369.75,319.0,367.5,476.25,401.25,474.25,373.5,302.25,341.75,462.0,407.5,454.5,145.4483,0.714366,136.0928,0.77482,25.31732,30.47095,7134,7327,7415,7453,2.060635,2.398976,7968.07,13683.43,12877,47231,63.0,2.25365,45.0,2.367958,59.0,2.19,79,2.359776,65,1.802013,76,2.027592,64.0,2.476415,51.0,2.560241,61.0,2.373482,82,2.552589,74,2.772059,81,2.197987,68.0,3.80787,63.0,2.08476,66.0,3.273543,102,3.599806,103,3.421911,102,3.612805,4.4,2.3,3.4,4.1,9.7,5.9,4.4,2.8,3.7,3.3,3.8,3.5,6.3,30.6,15.1,3.5,5.3,4.4,86.9,80.0,83.4,80.2,47.0,63.6,86.2,76.6,81.3,2.71,5453,86.44,6564,125.84,2.684,10.0,10.3,10.5,12603.15083,611.7502133,0.046654622,0.743243243,0.052416052,0.015970516,0.018837019,0.002457002,0.357084357,0.484438984,0.147010647,11.24791086,0.012694513,4.064516129,0.026617527,1.507692308,0.055282555,2.837037037,0.033812342,1.525,5.858257477,6,3.474343533,0.774365274,0.023341523,0.116707617,0.983619984,0.045864046,0.295659296,0.225225225,0.001228501,0.0,0.668304668,0.545045045,0.071662572,0.254330906,0.811451135,0.494852209,0.842281879,0.105944869,0.968652038,0.835802159,0.175746924,0.001506402,0.001004268,49033.33333,28909.63636,23909.09091,45366.26667,2016.564134,405824.7286,2.533001245,7.612154421,312913.6718,2.873015873,31150.4,0.008,0.144,0.224,0.128,0.0,725.0,580.0,8,0,1,4,69,0,1,0,2,2,5,0,6,1,57,1,2,29,3,2,7,5,34,7,61,2,11,42,1,4,2,13,10,1,4,8,11,0,1,25,2,18,12,0,0,5,3,2,0,19,2,8,2,7,37,4,225.6856379,183,153.9125397,0.982915465,0.149212336,0.194586199,0.012868871,0.999778123,0.986520967,0.975815398,0.998224983,0.977812292,0.98408032,0.989682716,0.99389838,0.344741513,0.329376525,0.959285556,0.868426892,0.00077657,0.096017306,0.77584868,0.654925671,0.235078766,0.044708232,0.147326381,1258705,12.0,12.0,96.0,8.0,1.0,7468000,7729456,1.035010177,9,11,1,15,14,10
Jammu and Kashmir,16.37,3.51,12.56,6.1,1.09,4.8,1092715,1072723,96.69,79.75,0,0,210482,255268,0.256,0.242,0.384,0.532,20.0,277.0,154.0,13.0,39.0,27.0,19.0,277.0,152.0,13.0,36.0,25.0,16.0,276.0,149.0,10.0,29.0,20.0,0.092,0.13,443.5,409.25,442.75,515.5,488.25,515.0,485.25,250.0,484.75,491.25,328.2236,490.0,34.72819,0.549066,54.5953,0.61139,19.25658,20.83763,13130,13263,13465,13862,1.821126,2.028012,14656.28,16502.48,26485,103995,81.0,1.534091,87.0,1.597877,81.0,1.464891,97,1.694039,87,4.551282,96,1.589242,85.0,1.81846,94.0,2.27459,86.0,1.756173,102,2.13648,111,3.676647,102,2.092949,100.0,2.226253,103.0,1.943408,101.0,2.123016,119,2.910663,135,3.634409,122,2.85767,3.5,8.4,5.2,7.2,29.9,13.2,4.3,11.6,6.7,2.4,4.7,3.4,5.5,23.5,10.2,3.0,6.5,4.4,81.4,58.6,70.0,79.4,31.4,56.2,81.1,53.8,67.6,2.64,9074,167.34,16888,332.53,0.796,27.5,30.0,32.6,15515.95625,451.3447624,0.025159975,0.904613643,0.04217379,0.006510048,0.011038777,0.00254741,0.333144636,0.621001981,0.120011322,9.233490566,0.009906595,6.457142857,0.00509482,1.555555556,0.026606284,2.106382979,0.059708295,1.832061069,5.09038936,5,3.491704138,0.636569488,0.127370507,0.115482593,0.985564676,0.159071611,0.302009624,0.197565808,0.000566091,0.001981319,0.63515426,0.50608548,0.191338806,0.211811838,0.702257474,0.476790077,0.874260938,0.070099605,0.946380697,0.798526751,0.020547945,0.0,0.001292324,,,,,2017.026699,221098.2297,2.574433657,5.53684466,158815.6421,2.558718861,17654.0298,0.009310987,0.232774674,0.251396648,0.029795158,0.0,427.0,252.0,5,2,3,4,76,0,0,1,5,5,23,3,1,0,233,0,7,56,6,5,8,4,44,15,59,2,24,78,4,5,4,13,11,0,44,5,10,0,3,49,9,26,13,1,6,22,4,0,1,12,11,13,0,14,34,5,205.4105449,162,150.6350176,0.865197014,0.09862871,0.395972921,0.011699358,0.973615692,0.765630967,0.787641035,0.953063704,0.729421975,0.823745877,0.885505989,0.96268009,0.297378927,0.118833536,0.721784412,0.61815657,0.000555459,0.021211595,0.393473355,0.148585315,0.042909217,0.089671932,0.096823468,1106745,22.0,0.0,0.0,0.0,0.0,13603000,11676416,0.858370654,13,1,0,28,40,32
Jharkhand,50.92,15.04,42.1,34.93,8.67,28.81,2185376,3036731,89.69,50.18,0,150,332561,406172,0.255,0.296,0.4079,0.464,30.0,326.0,179.0,26.0,46.0,36.0,30.0,321.0,176.0,23.0,44.0,33.0,30.0,301.0,163.0,11.0,36.0,24.0,0.133,0.128,275.75,214.75,268.0,373.0,313.5,365.75,150.75,133.0,141.5,272.25,215.6667,253.75,157.1709,0.440188,242.1738,0.909303,9.622166,10.58865,35566,37715,38762,39259,1.388816,1.541729,21360.57,29732.02,43145,142307,40.0,1.828947,35.0,2.248062,39.0,1.844262,62,2.510121,43,2.583333,60,2.365145,52.0,2.32684,45.0,4.603448,51.0,2.436636,74,3.129735,57,3.528169,72,3.011583,73.0,1.887982,64.0,3.936306,72.0,1.933535,108,2.941879,87,3.475,105,2.824675,4.5,0.4,3.0,9.6,9.5,9.6,5.6,1.3,4.2,1.5,0.1,0.9,6.2,6.6,6.3,2.3,0.6,1.7,84.5,56.7,70.1,75.3,18.7,47.3,82.7,49.5,65.7,5.5,76652,544.71,147010,1753.55,1.81,24.0,25.8,27.5,9176.653147,350.9890703,0.030708107,0.718872357,0.035238841,0.012059514,0.019890368,0.011589663,0.151918559,0.596867659,0.261237275,9.700239808,0.097415818,6.532154341,0.181049334,1.720588235,0.04917776,2.015923567,0.141695093,1.694444444,4.429342659,4,3.149808202,0.435708692,0.010336727,0.05027408,0.942521535,0.62725137,0.494440094,0.040563821,0.000939702,0.012059514,0.207517619,0.105716523,0.078935004,0.201839912,0.680950526,0.32385737,0.762391222,0.054405097,0.864864865,0.694841956,0.025790219,0.006054411,0.002909262,162928.0917,33802.09836,3666.769231,148039.6075,2017.013699,111305.8339,2.25649504,14.16941427,99140.14034,2.838596491,5133.125926,0.022222222,0.175925926,0.244444444,0.085185185,166.0909091,597.5454545,1009.636364,21,8,9,3,104,0,6,0,6,8,32,1,24,3,137,0,7,90,12,6,16,25,87,37,89,25,40,152,11,13,7,26,18,3,44,12,34,0,2,84,18,56,30,8,6,25,10,4,7,35,10,22,4,14,18,8,207.9150655,157,160.3647563,0.965823208,0.06157619,0.284271542,0.018816185,0.982766693,0.952469067,0.944309442,0.958755992,0.920922974,0.965042916,0.983703043,0.914502285,0.372890425,0.192085609,0.939003456,0.711514881,0.000847174,0.203009698,0.642135771,0.370750195,0.051945157,0.071675399,0.054152268,3700486,24.0,24.0,32.0,1.333333333,1.0,39466000,35730236,0.905342219,7,4,14,9,2,0
Karnataka,18.45,4.92,12.77,10.33,3.22,7.58,4546379,5927812,92.35,80.49,6195,920,1273922,1496259,0.225,0.307,0.5212,0.566,25.0,297.0,162.0,9.0,34.0,21.0,23.0,289.0,156.0,9.0,37.0,23.0,20.0,278.0,148.0,9.0,41.0,25.0,0.217,0.145,343.0,184.25,284.75,486.0,277.0,420.0,279.5,178.25,223.75,388.75,267.75,323.5,70.28622,0.498364,113.2785,0.708041,27.07249,28.49441,63968,66104,67092,67515,2.330467,2.502767,90853.38,140027.8,152743,423230,50.0,2.21519,31.0,2.373311,43.0,2.110465,63,1.969965,39,1.069767,56,1.840659,72.0,2.329963,48.0,2.922078,65.0,2.305777,87,2.244128,67,2.129425,81,2.144097,89.0,2.314014,73.0,2.807143,85.0,2.301661,112,2.253135,94,2.337662,107,2.191558,3.0,2.2,2.7,3.9,15.4,6.8,3.4,6.2,4.2,1.7,1.3,1.5,3.8,5.1,4.2,2.5,2.4,2.4,83.4,48.6,66.2,79.1,34.2,57.3,81.8,43.2,62.9,29.53,534410,12843.88,649038,18752.06,6.538,38.7,43.4,48.3,11955.88146,536.288532,0.03557725,0.739123416,0.09007991,0.031640972,0.003632254,0.008798127,0.396319316,0.501331827,0.203971265,9.771360759,0.015416902,3.67539267,0.027605134,1.546783626,0.083541852,2.582608696,0.131862824,1.488400488,4.999711328,5,3.408167397,0.843409476,0.02720155,0.089918476,0.97279845,0.123335217,0.692791993,0.079425297,0.001210751,0.014771168,0.400920171,0.176043264,0.032044556,0.203656275,0.536643539,0.486660371,0.896422074,0.114331248,0.963345379,0.798684094,0.057096176,0.002781948,0.00273779,353115.3846,30000.0,0.0,330038.4615,2017.112984,259787.0837,2.310864109,11.83474184,215778.655,1.802083333,11574.0,0.003558719,0.222419929,0.090747331,0.195729537,305.0425532,793.9893617,1058.734043,658,99,112,286,722,6,173,19,151,55,373,97,77,61,452,15,136,1071,522,70,239,683,806,394,1516,76,300,2233,46,348,76,252,227,45,136,127,389,4,61,570,199,278,365,92,23,155,91,119,86,575,120,187,63,210,275,104,219.4666711,166,161.7000214,0.945676913,0.115251799,0.837253107,0.037017659,0.997122302,0.990660562,0.933982995,0.980379333,0.98587312,0.972517986,0.979960759,0.893355134,0.295487247,0.325389143,0.963741007,0.812792675,0.000366252,0.340078483,0.704172662,0.585153695,0.170398954,0.128410726,0.106435579,11307920,31.0,31.0,798.0,25.74193548,1.0,67692000,64510025,0.952993337,2,2,22,11,15,27
Kerala,0.95,0.43,0.7,0.76,0.32,0.55,1861564,1876054,97.75,93.66,150,50,605806,741949,0.286,0.337,0.8299,0.85,30.0,271.0,161.0,16.0,57.0,38.0,29.0,268.0,159.0,15.0,57.0,38.0,28.0,265.0,158.0,15.0,58.0,38.0,0.221,0.151,710.25,382.75,671.0,846.25,429.75,805.75,602.75,376.75,555.5,680.75,435.25,637.0,36.63535,0.150151,50.33878,0.157573,28.18824,32.57084,34481,35231,35573,35716,2.566523,2.949385,59657.07,76807.52,72215,180590,82.0,1.59375,55.0,2.061518,73.0,1.602167,94,1.409144,70,2.011317,85,1.399112,86.0,1.719613,65.0,2.301282,79.0,1.748466,101,1.614219,76,2.443694,92,1.576923,89.0,1.779372,74.0,2.50625,84.0,1.822605,108,1.740762,84,2.483259,100,1.706037,7.3,13.8,9.7,7.5,16.7,10.4,7.4,15.1,10.0,4.7,9.2,6.5,4.8,12.9,7.6,4.8,10.7,7.0,82.5,45.8,62.8,78.2,39.3,57.4,80.5,42.8,60.3,23.11,81753,2982.6,71794,4118.96,2.909,47.7,71.0,90.1,14207.78968,699.8988139,0.043245672,0.716415887,0.187339027,0.014504541,0.015588993,0.006235597,0.412904975,0.511183408,0.185441236,10.34573304,0.005828928,4.325581395,0.008268944,1.360655738,0.028873526,2.253521127,0.041898701,1.487341772,5.892200426,5,3.186679318,0.796394198,0.089331707,0.173512268,0.993086621,0.228819303,0.630066423,0.238986038,0.001084452,0.00230446,0.803849803,0.482852108,0.135420903,0.31506639,0.537149817,0.608481064,0.842244661,0.071817083,0.949509116,0.783559751,0.073451531,0.010131246,0.02187428,,,,,2017.224611,291189.6994,2.151222551,9.652364118,249065.1972,2.54491018,41674.66881,0.012861736,0.189710611,0.257234727,0.077170418,189.4285714,855.2857143,1457.642857,159,50,62,52,238,0,46,16,43,22,105,30,28,10,236,6,50,566,166,25,63,126,298,122,546,45,74,1183,9,92,29,129,115,5,77,31,157,2,13,206,35,107,154,62,10,33,40,49,31,233,45,49,23,38,148,72,235.6977444,181,168.3988687,0.979248768,0.836083744,0.68023399,0.074076355,0.99864532,0.995689655,0.976785714,0.996551724,0.995197044,0.990394089,0.99205665,0.992179803,0.951908867,0.583435961,0.984421182,0.879864532,0.001477833,0.290640394,0.780480296,0.60929803,0.255480296,0.068226601,0.831773399,4740237,14.0,14.0,45.0,3.214285714,1.0,35776000,37204366,1.039925257,8,16,7,10,11,22
Ladakh,16.2,3.02,12.7,3.89,2.0,3.53,37858,39689,0.0,13.04,0,0,0,709,0.282,0.279,0.392,0.494,31.55626,280.755,155.6422,14.18824,50.20012,32.0572,30.90923,276.5447,152.5446,13.88907,48.83357,31.17813,30.18989,271.9681,146.9715,13.00335,48.39483,30.05038,0.28,0.567,511.9646,560.8782,515.0,666.25,800.0,666.0,0.0,0.0,0.0,0.0,0.0,0.0,0.0,0.0,0.0,0.0,46.2585,53.66667,280,280,298,298,2.081888,2.316727,0.0,0.0,736,3210,118.0,2.352423,110.0,0.348404,117.0,2.253165,113,3.017544,121,1.378641,115,1.824561,117.0,2.349206,106.0,1.292434,115.0,2.221184,115,2.636364,122,0.939502,117,1.950139,108.0,1.270181,101.0,3.964158,105.0,1.207192,127,3.06993,124,0.938312,127,2.382445,0.0,0.0,0.0,1.5,0.0,1.0,0.2,0.0,0.1,6.0,5.4,5.7,8.8,14.7,10.8,6.3,6.0,6.1,68.7,62.3,65.7,79.5,47.4,64.8,69.7,61.0,65.6,1.87,0,0.0,5,0.15,1.272,22.6,29.6,36.9,14429.09872,177.728223,0.009461884,0.938803894,0.062586926,0.0,0.006954103,0.002781641,0.201668985,0.575799722,0.232267038,6.766467066,0.02364395,7.470588235,0.026425591,2.052631579,0.164116829,2.813559322,0.014492754,1.333333333,5.164598842,5,3.352795776,0.83449235,0.292072323,0.104311544,0.956884562,0.171070932,0.228094576,0.257301808,0.0,0.008344924,0.502086231,0.566063978,0.031988873,,,,,,,,,,,,,,,,,,,,,,,,,,,,,0,0,0,0,4,0,0,0,0,0,0,0,0,0,6,0,0,0,0,0,0,0,3,0,1,0,1,0,0,0,0,0,0,0,0,0,0,0,0,0,0,1,1,0,0,0,0,0,0,0,0,0,0,0,1,0,166.4853147,137,110.5906766,0.95194274,0.162576687,0.443762781,0.040899796,0.994887526,0.933537832,0.929447853,0.917177914,0.922290389,0.898773006,0.911042945,0.634969325,0.427402863,0.188139059,0.975460123,0.764826176,0.010224949,0.010224949,0.787321063,0.312883436,0.240286299,0.157464213,0.161554192,3016,,,,,,300000,238896,0.79632,1,0,0,7,12,6
Lakshadweep Islands,1.16,2.0,1.82,0.36,1.32,1.11,135,122,26.41,15.0,0,0,2066,2479,0.252,0.217,0.6758,0.624,34.0,306.0,175.0,14.0,77.0,47.0,28.0,284.0,164.0,8.0,71.0,42.0,27.0,278.0,161.0,6.0,70.0,40.0,0.142,0.094,735.0,350.5489,710.0,813.25,500.0,799.0,891.0,0.0,891.0,877.0,0.0,877.0,22.05882,0.0,21.73913,0.133333,26.47059,33.33333,66,68,68,69,1.578279,1.473101,20.16,32.45708,39,334,93.0,3.126935,107.0,1.103774,97.0,2.721893,181,1.919107,148,3.666667,177,1.992832,109.0,1.469428,127.0,1.366528,114.0,1.40975,158,1.856343,147,2.511327,156,1.688213,113.0,1.39528,132.0,1.425685,119.0,1.267857,148,2.19426,147,2.840909,148,1.882222,0.7,36.7,10.7,13.9,17.0,14.7,10.6,22.2,13.7,3.0,20.9,5.6,12.6,13.3,12.8,10.0,14.4,11.1,86.5,12.9,45.7,80.0,22.1,46.6,81.6,20.0,46.4,0.02,5,0.1,94,1.52,0.0,77.6,96.8,100.0,21231.10164,225.8608458,0.011595795,0.887973641,0.060955519,0.001647446,0.0,0.0,0.271828666,0.520593081,0.479406919,10.36426117,0.21416804,5.261538462,0.07907743,1.583333333,0.138385502,3.071428571,0.050632911,1.4375,5.442697414,5,2.95356717,0.825370675,0.21416804,0.082372323,1.0,0.691927512,0.70675453,0.003294893,0.0,0.006589786,0.886326194,0.611202636,0.149917628,0.202080238,0.316176471,0.799180328,0.915384615,0.06557377,0.875,0.775631501,0.014858841,0.005943536,0.005943536,3199750.0,67000.0,10000.0,4223333.333,2016.0,302384.2105,2.811320755,8.448113208,191368.4492,,,,,,,,,,0,0,0,0,0,0,0,0,0,0,0,0,0,0,1,0,0,0,0,0,0,0,0,0,0,0,0,1,0,0,0,0,0,0,0,0,0,0,0,0,0,0,0,0,0,0,0,0,0,0,0,0,0,0,1,0,150.1197605,115,124.8242525,1.0,0.789473684,1.0,0.078947368,1.0,1.0,1.0,1.0,1.0,1.0,1.0,1.0,0.973684211,0.894736842,1.0,0.973684211,0.447368421,0.473684211,0.947368421,0.763157895,0.605263158,0.026315789,0.789473684,3567,1.0,1.0,38.0,38.0,1.0,69000,73546,1.065884058,0,0,0,0,0,0
Madhya Pradesh,45.9,13.72,36.57,25.32,7.1,20.63,7761728,9276163,95.86,94.03,250,375,844535,995573,0.23,0.291,0.4501,0.513,33.0,292.0,159.0,8.0,39.0,23.0,30.0,287.0,155.0,8.0,38.0,23.0,20.0,275.0,144.0,7.0,37.0,22.0,0.173,0.036,235.25,188.0,223.0,326.5,239.5,309.5,198.25,176.75,190.0,260.0,226.0,249.25,131.3638,0.429521,221.9364,0.818516,12.75905,13.34316,78291,82898,85118,86149,1.466125,1.669436,57266.73,83396.88,112076,844396,33.0,2.433775,26.0,1.624294,31.0,2.123288,48,2.506477,34,1.745562,46,2.128906,46.0,3.268678,36.0,3.047521,44.0,3.170181,59,3.004695,49,2.400419,58,2.790284,65.0,3.25,61.0,3.799213,64.0,3.340164,78,3.113118,75,3.673203,77,3.032946,2.3,0.5,1.7,7.4,5.5,7.0,3.7,1.4,3.0,0.9,0.5,0.8,4.5,5.8,4.8,1.8,1.2,1.6,88.6,55.9,72.9,81.7,23.5,53.2,86.8,47.5,67.8,12.88,44091,302.85,100693,1407.58,2.184,27.6,28.8,29.9,11130.1356,348.9324768,0.022083151,0.712051842,0.076847221,0.017398042,0.01253786,0.012185673,0.19574558,0.559766148,0.248714517,9.960079275,0.008311615,4.245762712,0.004296682,1.606557377,0.03190815,1.98013245,0.157166226,1.738190552,4.614311232,4,3.359769496,0.695992111,0.022821723,0.052264563,0.964076918,0.395435655,0.686764809,0.062266676,0.000633937,0.009931676,0.309642882,0.140733958,0.578079876,0.209482849,0.62360207,0.282599753,0.79639738,0.049002468,0.935991605,0.689289835,0.016993601,0.000804224,0.00083919,90062.77778,19637.05882,20333.33333,81683.33333,2017.117842,193021.1274,2.143435831,15.084362,173883.4631,2.911032028,16835.53276,0.012345679,0.215574549,0.237416904,0.068376068,73.97826087,465.8695652,748.8913043,56,19,53,37,392,1,20,6,28,14,106,9,48,8,344,5,19,285,67,20,73,116,284,95,403,37,274,555,12,45,29,91,58,2,74,47,92,2,13,284,64,178,103,19,18,85,34,13,13,116,49,78,9,68,73,51,174.2643129,121,145.3881492,0.961300186,0.027400424,0.409103215,0.020791196,0.98420952,0.771137583,0.927879792,0.94148843,0.748443248,0.947842844,0.974168273,0.929870523,0.275214601,0.14664522,0.948177287,0.805115383,0.000214999,0.143436161,0.802853912,0.381686866,0.102371359,0.044369416,0.025879505,11106142,52.0,52.0,313.0,6.019230769,1.0,86579000,77592017,0.896199044,11,2,6,12,26,6
Maharashtra,22.74,5.54,14.8,11.49,3.07,7.81,3248890,4359711,92.98,55.72,6860,5835,1216040,1810898,0.291,0.314,0.6699,0.715,23.0,279.0,150.0,10.0,35.0,23.0,21.0,277.0,146.0,11.0,39.0,24.0,18.0,276.0,141.0,11.0,44.0,26.0,0.218,0.193,268.75,158.75,225.0,385.0,239.5,331.25,233.0,156.75,195.25,329.75,232.75,281.25,72.50263,0.429167,92.44477,0.648724,22.70577,23.5055,118197,122819,125005,125979,2.043095,2.63265,303670.9,380301.2,650973,1216967,40.0,2.480053,23.0,1.957672,34.0,2.457386,56,1.944963,36,1.62963,50,1.811741,62.0,2.77968,44.0,3.630137,57.0,2.859756,80,2.469298,64,2.178423,76,2.425651,83.0,2.447519,75.0,2.79375,81.0,2.435771,97,2.539753,92,2.256944,96,2.486213,3.2,1.1,2.5,4.0,5.6,4.4,3.5,2.4,3.2,3.1,0.7,2.2,4.0,6.2,4.6,3.5,2.3,3.1,82.6,55.6,69.3,82.3,30.9,57.5,82.4,44.9,64.2,53.42,115683,1823.03,193229,3704.97,6.948,45.2,48.0,50.7,12808.55534,748.6473382,0.046076148,0.711718441,0.173030449,0.011687684,0.026714706,0.028516191,0.340744321,0.534689573,0.178698537,9.517580526,0.012214948,4.064748201,0.012083132,1.549090909,0.036029703,2.096341463,0.129838113,1.643037975,5.400806485,5,3.439911152,0.802671471,0.012258887,0.10668307,0.976097368,0.190474098,0.596730964,0.088712158,0.001669669,0.011424052,0.496199306,0.2061602,0.331209631,0.238347161,0.506795737,0.439687372,0.846230725,0.119746382,0.955963303,0.714482148,0.035308101,0.002237345,0.003076349,,,,,2016.822748,406062.8908,2.329317721,10.86613938,424833.6321,2.735135135,15620.38831,0.037700283,0.24128181,0.177191329,0.066918002,230.2534435,801.8292011,1188.713499,499,99,221,228,1758,7,158,41,206,86,669,65,402,50,1189,18,240,1405,477,105,466,1158,1538,607,2723,190,563,2814,82,326,171,563,553,37,434,229,752,2,88,1380,301,774,539,136,109,249,165,143,176,965,260,368,89,468,359,225,202.2787548,148,163.0602979,0.949765065,0.249322567,0.66423977,0.048419324,0.994717394,0.949719447,0.909356325,0.979973541,0.855535788,0.93702842,0.968705807,0.984435017,0.479476301,0.35151681,0.977647005,0.930669221,0.00027371,0.228119155,0.927302587,0.788467679,0.52686465,0.104840108,0.234250262,38075996,36.0,36.0,389.0,10.80555556,1.0,126385000,118309601,0.936104767,7,2,21,9,14,15
Manipur,22.33,8.49,16.96,10.95,3.43,8.1,605265,413192,87.84,85.25,10375,700,65070,73999,0.218,0.221,0.571,0.699,28.0,242.0,133.0,18.0,45.0,32.0,29.0,247.0,137.0,21.0,47.0,34.0,32.0,262.0,149.0,28.0,54.0,41.0,0.218,0.136,384.5,315.75,374.0,540.25,486.75,536.5,341.25,269.0,333.5,463.5,467.3333,455.0,125.2966,0.592886,186.4755,0.871324,10.80475,12.46494,2996,3119,3179,3209,1.009329,1.23622,1066.15,1429.854,10489,21261,85.0,1.933725,90.0,1.828283,86.0,1.879281,101,1.885375,73,1.294118,96,1.79845,86.0,2.038136,85.0,1.866953,85.0,1.918403,99,1.819163,89,1.625571,97,1.681392,87.0,2.17354,76.0,1.919255,84.0,1.999113,97,2.114943,106,1.986111,99,1.947826,8.4,12.3,9.5,11.0,8.8,10.2,9.1,11.1,9.7,4.3,4.9,4.5,6.2,3.6,5.3,4.8,4.5,4.7,78.2,32.7,55.5,72.3,39.1,56.2,76.5,34.5,55.7,0.72,1069,10.73,833,11.55,0.8,29.2,31.9,34.6,10819.25979,457.9309359,0.047304083,0.5716946,0.202979516,0.016552866,0.004552038,0.003724395,0.358162632,0.643285744,0.070970412,9.644314869,0.010966274,6.113207547,0.019656528,1.663157895,0.030622802,3.168918919,0.03248633,1.594059406,5.925159734,6,3.476203044,0.627560521,0.349679288,0.110283468,0.986343886,0.310573143,0.518725429,0.159942065,0.002896752,0.003310573,0.338092282,0.377405338,0.018208152,0.225841674,0.504029009,0.507891921,0.918883329,0.020866774,0.775641026,0.507006369,0.001637853,0.000181984,0.033575978,112240.0,12500.0,21666.66667,115240.0,2017.634629,115171.8804,2.091872792,25.73790106,92511.54917,2.9,5230.769231,0.102564103,0.076923077,0.0,0.333333333,,,,1,1,1,1,22,0,0,0,0,0,4,2,1,0,17,0,0,13,1,1,1,1,14,3,12,2,1,15,1,1,2,2,7,0,9,1,0,0,0,7,3,4,1,0,0,1,3,0,0,2,0,3,0,13,4,1,200.1758328,157,144.4994136,0.870478666,0.043967945,0.199913364,0.009746589,0.988520684,0.665150531,0.747888239,0.983539095,0.544942603,0.752653238,0.86896253,0.832358674,0.230669266,0.283950617,0.257093351,0.86896253,0.003465454,0.198830409,0.49620966,0.364089235,0.081654754,0.075806801,0.041585445,208750,16.0,16.0,35.0,2.1875,1.0,3223000,2633441,0.817077567,21,35,42,3,2,0
Meghalaya,38.49,8.41,32.54,32.43,8.14,27.79,730001,670176,96.61,89.19,0,0,27605,36215,0.223,0.266,0.4336,0.46,40.0,256.0,149.0,13.0,46.0,30.0,41.0,252.0,149.0,13.0,44.0,29.0,46.0,233.0,146.0,14.0,28.0,22.0,0.341,0.323,318.0,198.0,294.75,443.0,304.0,407.25,292.75,208.5,271.75,400.5,297.75,362.25,147.3457,0.908253,155.8056,0.911997,12.56173,13.77138,3113,3240,3303,3333,1.01002,1.150311,1130.63,1467.251,697,6675,48.0,1.982759,34.0,2.137405,44.0,1.825,63,1.94664,55,1.747841,61,1.785,58.0,2.141393,51.0,2.536585,56.0,2.064076,76,3.403042,72,2.720588,74,2.974806,91.0,1.901862,105.0,3.830537,95.0,2.262427,125,2.796496,121,4.172414,124,2.950627,1.0,1.4,1.1,7.5,18.3,10.9,2.1,3.6,2.7,3.5,6.7,5.0,8.2,18.0,12.3,4.2,8.2,6.0,82.1,67.4,74.8,73.9,43.9,57.4,80.8,63.0,71.7,0.64,2694,22.9,5666,61.61,0.725,20.1,20.6,21.0,13116.70241,362.4668917,0.026455036,0.851136718,0.014637185,0.003425724,0.003425724,0.001868577,0.207100592,0.697913423,0.206166303,8.49244713,0.041420118,7.390977444,0.01744005,1.767857143,0.034257241,2.227272727,0.054886212,1.609756098,4.791785649,4,2.994886165,0.5549673,0.051074432,0.098723139,0.913734039,0.075677359,0.201494861,0.129554656,0.001557147,0.0,0.187791965,0.026471504,0.001245718,0.195485258,0.655145326,0.568063476,0.749890877,0.022067939,0.853932584,0.519348894,0.009060197,0.000307125,0.000307125,,,,,2017.705279,105152.7068,1.762463343,6.661832845,82749.94741,1.0,2000.0,0.0,0.0,0.0,0.5,,,,1,1,1,0,7,0,0,0,0,0,0,0,0,0,2,0,0,5,3,1,0,0,5,1,2,0,0,7,0,0,1,2,0,0,1,0,3,0,0,3,0,0,3,0,0,0,2,1,0,0,1,2,0,2,5,0,156.4093692,125,110.0387389,0.862876712,0.019794521,0.287808219,0.007260274,0.530342466,0.265273973,0.730684932,0.460273973,0.246643836,0.69609589,0.816986301,0.378835616,0.168493151,0.121643836,0.237534247,0.436712329,0.001438356,0.092260274,0.303835616,0.212260274,0.026164384,0.018356164,0.01890411,118231,11.0,11.0,20.0,1.818181818,1.0,3349000,2304621,0.688151986,22,43,68,7,1,0
Mizoram,20.45,1.4,9.78,10.77,0.58,5.3,208225,219813,93.45,89.23,0,0,12519,15287,0.242,0.217,0.537,0.613,22.0,259.0,137.0,42.0,131.0,86.0,22.0,249.0,135.0,44.0,131.0,87.0,23.0,236.0,132.0,46.0,130.0,89.0,0.333,0.166,377.25,298.0,370.0,460.0,465.25,460.0,378.0,368.5,369.6667,400.0,487.5,415.25,53.92321,0.636223,83.04947,0.71875,14.44073,14.76075,1151,1198,1221,1233,1.379529,1.500013,605.75,735.2527,1121,7858,98.0,1.833798,80.0,2.128655,95.0,1.802326,131,1.837209,120,2.303867,129,1.902985,104.0,1.700617,95.0,2.26834,102.0,1.732283,131,1.78834,114,2.171946,127,1.854745,109.0,1.601831,100.0,2.104348,106.0,1.628973,131,1.768229,112,2.138393,126,1.847319,4.8,2.8,4.2,7.1,8.8,7.7,5.8,5.6,5.7,1.0,1.5,1.2,2.6,4.9,3.5,1.7,3.0,2.2,74.3,52.3,63.9,73.0,46.4,59.6,73.7,49.5,61.9,0.54,1455,19.12,807,19.94,0.548,52.1,54.5,56.9,14035.13939,2296.307134,0.207255629,0.806173526,0.127363737,0.057007786,0.050333704,0.042269188,0.43381535,0.5189099,0.094549499,8.979411765,0.016407119,8.13559322,0.016407119,1.610169492,0.026696329,3.635416667,0.096998928,1.480662983,6.678871473,6,3.247161517,0.926585095,0.103726363,0.30756396,0.956062291,0.080645161,0.584816463,0.176307008,0.002780868,0.003058954,0.831479422,0.684927697,0.067296997,0.190524707,0.472370766,0.536554516,0.949552098,0.053377182,0.914691943,0.637969095,0.005264052,0.001018849,0.000339616,,,,,2016.929722,309302.7387,2.491947291,7.776163982,231507.074,1.896907216,7872.886598,0.149484536,0.046391753,0.154639175,0.149484536,,,,0,1,0,0,10,0,0,0,0,0,0,0,0,0,3,0,0,1,0,0,2,0,4,0,4,1,0,4,0,0,0,1,1,0,0,0,0,0,0,0,1,0,0,0,0,0,0,0,0,0,2,3,0,1,2,0,155.1043614,126,98.91653809,0.9414472,0.015085656,0.309383789,0.001278445,0.917156737,0.843006904,0.869854257,0.902071082,0.796215802,0.868320123,0.929685502,0.727435439,0.078496548,0.355663513,0.825875735,0.803886474,0.003323958,0.446177448,0.44285349,0.189721299,0.176425467,0.01125032,0.015085656,40080,8.0,8.0,31.0,3.875,1.0,1238000,1190413,0.961561389,14,29,48,5,0,0
Nagaland,32.73,10.7,25.16,19.88,6.14,15.43,428759,500518,91.3,81.82,75,50,41960,53905,0.244,0.232,0.3402,0.358,45.0,227.0,138.0,11.0,40.0,26.0,47.0,235.0,141.0,10.0,38.0,24.0,52.0,253.0,148.0,9.0,32.0,20.0,0.139,0.477,394.5,304.4517,379.5,451.75,434.25,449.0,377.75,304.4799,305.0,396.5,399.75,399.75,48.21842,0.71785,58.61448,0.771297,14.66913,14.93477,2076,2161,2203,2223,0.806913,0.919282,775.1,1059.009,719,7312,101.0,1.32371,127.0,1.024664,106.0,1.527008,122,1.343326,102,1.934211,118,1.345046,115.0,1.548724,139.0,1.565534,121.0,1.714015,124,2.379135,114,1.887179,122,2.50336,134.0,2.057692,152.0,1.682081,139.0,2.055627,127,3.541667,133,1.88162,128,3.75,25.2,26.9,25.8,23.4,30.9,25.7,24.8,27.8,25.8,3.6,2.0,2.9,8.5,8.7,8.6,4.9,3.5,4.3,84.4,71.8,78.3,76.2,51.7,64.2,82.1,66.2,74.4,0.38,809,14.58,810,16.03,0.584,28.9,42.9,57.3,13702.46752,725.6092804,0.049498261,0.790569106,0.014634146,0.017560976,0.015934959,0.003902439,0.623089431,0.500487805,0.154796748,11.70168067,0.010081301,4.677419355,0.024715447,1.842105263,0.045203252,2.294964029,0.004548408,1.714285714,5.371925572,5,3.006583682,0.583739837,0.075447154,0.08,0.963902439,0.02699187,0.120650407,0.211707317,0.004552846,0.000650407,0.350243902,0.16195122,0.042276423,0.227677436,0.617877095,0.600540332,0.915809769,0.099961405,0.915057915,0.501144747,0.006868481,0.002035106,0.007886034,51587.30769,1454.545455,571.4285714,50818.07692,2017.746421,127808.316,1.99795501,5.514314928,97125.12308,3.285714286,12242.85714,0.0,0.0,0.0,0.5,,,,0,0,0,0,17,0,0,0,1,1,2,0,0,0,3,0,0,5,1,0,3,1,8,2,4,0,4,7,0,0,1,2,4,0,2,0,2,0,0,2,1,2,4,0,0,0,0,0,0,0,0,0,1,1,3,1,172.7780778,144,107.4837678,0.913539367,0.113686534,0.16151582,0.012509198,0.660779985,0.763061074,0.761957322,0.605592347,0.671081678,0.770787344,0.906181015,0.60522443,0.508830022,0.39477557,0.723325975,0.729212656,0.005150846,0.303532009,0.378587196,0.164091244,0.054451803,0.083517292,0.107431935,89993,11.0,11.0,30.0,2.727272727,1.0,2233000,1355835,0.607180923,38,60,49,3,0,0
Odisha,32.64,12.32,29.34,17.72,5.42,15.68,4362521,6155751,0.0,0.0,8300,7350,415006,617956,0.231,0.331,0.4755,0.436,29.0,313.0,175.0,9.0,45.0,27.0,29.0,310.0,172.0,9.0,44.0,27.0,29.0,287.0,154.0,10.0,39.0,24.0,0.176,0.164,280.0,196.25,258.5,365.25,254.0,349.0,246.0,183.5,216.5,330.75,221.25,287.5,139.7257,0.63276,256.4174,0.86236,15.63544,18.68879,43800,45205,45865,46156,1.642994,1.951652,33983.61,45128.43,49544,171919,47.0,2.23125,36.0,2.416045,44.0,2.141927,56,2.174145,38,1.555556,53,1.941372,56.0,2.793062,42.0,3.603448,53.0,2.744975,66,2.659465,51,1.918033,63,2.436709,86.0,3.104339,63.0,3.489051,81.0,2.997835,97,2.806777,83,3.308411,94,2.713878,7.3,3.6,6.1,7.6,8.0,7.7,7.3,4.1,6.3,4.5,2.0,3.6,6.0,6.8,6.2,4.7,2.4,3.9,85.5,52.5,68.5,80.0,30.8,56.2,84.6,49.4,66.6,12.36,216157,2540.77,276895,5317.87,5.275,16.7,18.5,20.5,9911.662718,319.125346,0.021532492,0.470114317,0.03375068,0.009254219,0.004246053,0.004572673,0.197387044,0.491126837,0.295046271,8.588560886,0.00413718,2.842105263,0.00860098,1.316455696,0.11050626,2.995073892,0.084238528,1.4,4.449169029,4,3.128908851,0.562438759,0.004246053,0.036363636,0.902667392,0.707348938,0.469243332,0.038105607,0.000870985,0.001741971,0.232661949,0.084594447,0.147305389,0.213069281,0.63820769,0.401558581,0.811956279,0.03529201,0.901015228,0.716617211,0.044510386,0.00528964,0.003999484,85008.88,27604.16667,0.0,58508.88,2017.247249,80864.90713,2.101980924,16.68434091,81237.61119,2.67638484,7441.88906,0.010015408,0.154083205,0.332819723,0.031587057,109.6153846,313.3076923,590.7692308,31,17,18,19,191,0,11,2,16,22,46,27,21,5,161,3,12,173,26,25,39,40,179,46,250,27,57,349,7,44,17,60,33,4,51,24,60,0,7,115,25,101,59,14,7,26,20,18,11,69,16,49,4,45,51,19,204.6310094,146,167.6282868,0.93567289,0.062047487,0.423801191,0.02780498,0.988361079,0.842914707,0.876386637,0.970108041,0.766515227,0.901269846,0.959689201,0.967202325,0.149042398,0.482461351,0.94652518,0.639610859,0.000369235,0.038801753,0.804739047,0.694883691,0.547976433,0.036361593,0.059816025,4803005,30.0,30.0,13.0,0.433333333,1.0,46276000,43867828,0.947960671,13,4,1,14,13,23
Pondicherry,3.33,0.98,1.71,0.71,0.91,0.85,50834,54007,96.01,89.47,50,100,21902,27748,0.265,0.243,0.693,0.687,33.0,265.0,149.0,14.0,38.0,26.0,27.0,246.0,139.0,15.0,45.0,30.0,24.0,237.0,134.0,15.0,49.0,33.0,0.297,0.067,479.75,219.3333,428.5,586.5,233.0,495.5,388.6667,166.3333,246.0,385.0,190.25,296.0,38.41103,0.188034,48.65031,0.47541,40.90611,41.16564,1389,1523,1593,1630,2.491206,2.664191,3051.96,3986.928,3897,11566,66.0,2.333015,33.0,1.180168,56.0,2.550905,81,1.512077,48,1.276316,70,1.198966,72.0,1.910646,70.0,3.419312,71.0,2.21688,114,2.450843,93,2.525773,107,2.243402,74.0,2.019231,88.0,3.128655,78.0,2.142857,133,2.541096,126,2.892857,131,2.353352,6.8,9.2,7.6,6.2,11.0,7.6,6.4,10.3,7.6,6.6,4.7,5.9,4.7,7.0,5.4,5.5,5.8,5.6,80.5,54.7,66.6,82.0,29.4,53.1,81.4,38.9,58.2,1.17,2288,84.6,2230,102.74,4.991,68.3,69.9,71.3,15955.70012,552.1466356,0.037674678,0.813084112,0.04953271,0.027102804,0.013084112,0.021495327,0.231775701,0.512149533,0.143925234,8.506493506,0.017757009,5.947368421,0.002803738,1.333333333,0.038317757,2.0,0.018248175,1.6,6.288131042,6,3.654124842,0.951401869,0.042990654,0.2,0.971028037,0.335514019,0.83364486,0.105607477,0.001869159,0.001869159,0.871028037,0.548598131,0.4,0.195698925,0.142857143,0.671525753,0.937771346,0.13313897,0.941605839,0.77921147,0.035125448,0.019354839,0.006451613,25369.74603,10411.57143,3225.423729,22090.89457,2017.484262,194438.2848,2.268765133,15.38995157,164174.5499,1.571428571,12289.46429,0.0,0.419642857,0.008928571,0.071428571,,,,3,0,1,5,9,0,1,1,0,0,4,1,5,0,7,0,1,9,1,0,0,0,11,4,13,1,2,30,0,2,0,3,0,0,2,0,2,0,1,7,1,6,2,1,0,3,1,2,0,4,1,2,1,3,5,3,196.2306368,140,154.3118359,0.955163043,0.563858696,0.70923913,0.042119565,1.0,1.0,0.955163043,1.0,1.0,0.964673913,0.964673913,0.995923913,0.983695652,0.199728261,0.995923913,0.918478261,0.028532609,0.383152174,0.653532609,0.578804348,0.380434783,0.033967391,0.544836957,176979,4.0,4.0,72.0,18.0,1.0,1376974,1288694,0.935888405,13,7,1,18,41,21
Punjab,6.38,4.32,5.57,4.74,4.76,4.75,1168155,1211040,96.46,29.92,625,600,308692,390701,0.221,0.267,0.713,0.821,21.0,332.0,170.0,9.0,38.0,23.0,22.0,324.0,166.0,9.0,40.0,24.0,26.0,308.0,159.0,11.0,45.0,27.0,0.321,0.105,334.25,253.75,326.25,421.5,319.0,411.75,308.25,275.25,304.25,388.0,311.0,370.0,115.8472,0.326073,157.395,0.608375,24.79083,25.93233,29024,29999,30453,30649,2.275804,2.580921,53412.42,80893.45,100686,269946,45.0,3.171729,70.0,2.748344,50.0,2.408981,57,2.560554,41,1.061404,55,2.522482,53.0,2.528027,68.0,3.422414,56.0,2.511682,68,2.513993,63,2.070136,67,2.381179,63.0,2.367347,67.0,2.954545,64.0,2.241561,83,2.95406,83,2.233333,83,2.766304,7.4,6.4,7.2,6.6,11.6,7.7,7.1,8.2,7.4,5.3,8.7,6.2,5.1,8.8,6.0,5.2,8.7,6.1,83.1,31.7,57.8,83.8,29.3,58.0,83.4,30.9,57.9,10.65,3552,18.62,8045,67.82,2.041,37.5,41.1,44.8,14814.31694,519.6871416,0.027695971,0.811149228,0.064493997,0.026243568,0.010977702,0.020754717,0.26483705,0.538936535,0.15025729,11.12214612,0.011492281,5.119402985,0.051801029,1.814569536,0.039622642,2.41991342,0.08529599,1.76119403,5.207511366,5,3.224413749,0.901372213,0.008747856,0.09296741,0.990394511,0.493138937,0.790222985,0.172212693,0.004631218,0.012521441,0.893825043,0.683361921,0.629845626,0.223757596,0.407738095,0.44474303,0.812940584,0.090695331,0.949382716,0.752018646,0.031882128,0.001664863,0.002663781,58632.29508,1019.638298,2380.586957,59641.86885,2017.156151,357835.814,2.179414875,10.6335037,290637.8526,2.58045977,15550.81967,0.104918033,0.252459016,0.124590164,0.08852459,126.0,961.75,1757.875,32,13,11,12,112,0,6,0,4,5,46,8,21,6,76,0,3,113,13,7,25,40,110,26,155,12,36,210,3,12,10,35,30,3,44,17,38,1,4,79,15,60,47,5,5,13,7,5,10,50,12,49,2,20,42,20,228.6623641,179,164.7777568,0.972239269,0.474567705,0.59178369,0.063643912,0.9999278,0.999891701,0.968159994,0.999747302,0.999783401,0.986318183,0.988628569,0.999602902,0.593083282,0.866178116,0.995523627,0.97541605,0.000866395,0.165012093,0.897043428,0.851016209,0.795603047,0.089852352,0.469333237,5363071,22.0,22.0,42.0,1.909090909,1.0,30730000,31130060,1.013018549,10,12,2,21,15,12
Rajasthan,34.53,11.21,28.86,18.62,4.54,15.31,9553592,9759043,98.15,93.09,150,375,832615,1037750,0.283,0.293,0.5845,0.704,22.0,275.0,149.0,8.0,39.0,23.0,21.0,275.0,147.0,8.0,40.0,24.0,19.0,277.0,141.0,8.0,45.0,25.0,0.16,0.09,326.75,239.75,313.0,417.75,358.25,409.0,296.25,210.25,266.5,346.0,359.0,350.5,114.16,0.372065,156.7405,0.782014,14.32058,14.28554,73766,77853,79790,80662,1.381289,1.64027,63411.14,104760.4,236246,518966,47.0,2.322304,39.0,3.107143,46.0,2.359694,59,3.443182,40,2.772109,56,3.472222,59.0,3.060748,50.0,3.603896,58.0,3.055556,69,3.098958,59,2.31681,67,2.960805,77.0,3.323733,67.0,3.448795,76.0,3.221831,84,2.649648,92,2.335,86,2.526978,4.1,1.8,3.2,9.4,7.4,9.0,5.5,2.5,4.5,4.6,1.7,3.4,7.7,11.3,8.5,5.4,2.9,4.4,79.2,58.7,68.9,77.0,25.9,52.8,78.6,50.5,64.8,12.79,51506,610.56,65161,958.01,2.377,24.9,26.3,27.7,13631.69077,439.7352272,0.024199608,0.772299043,0.098161374,0.02666768,0.019905789,0.017550524,0.248822367,0.62080231,0.268272299,12.51005381,0.005014435,7.090909091,0.002583194,1.764705882,0.022716912,3.053511706,0.177089708,1.818935729,4.400625594,4,3.398380437,0.576508129,0.014511472,0.045129919,0.982677405,0.173377906,0.679531986,0.087524692,0.003039052,0.005926151,0.480777997,0.174745479,0.65278833,0.20193483,0.633344863,0.367796256,0.771221385,0.069135028,0.910741301,0.691893968,0.017671917,0.000768344,0.000942968,151085.7143,8750.0,2272.727273,145371.4286,2017.288603,241328.3141,2.233076264,16.22361268,222304.5587,2.473372781,12925.74665,0.003089598,0.238928939,0.243048404,0.03707518,238.0888889,735.5111111,1643.555556,82,30,39,28,371,0,19,2,37,35,103,8,53,14,338,4,24,407,64,28,159,180,293,113,403,43,94,563,27,41,20,111,65,6,123,71,120,2,16,305,46,220,116,16,11,51,43,47,25,144,41,116,20,84,92,53,280.3544788,236,187.4743182,0.943876736,0.099602343,0.468568152,0.0213212,0.979459073,0.87708347,0.879837929,0.924764743,0.866939919,0.925845844,0.979553082,0.967895989,0.598591748,0.241518054,0.774999295,0.803512169,0.000225621,0.283709212,0.652975849,0.41439087,0.198330403,0.040893836,0.095315541,12833223,33.0,33.0,500.0,15.15151515,1.0,81025000,74938355,0.92487942,22,11,6,9,3,0
Sikkim,4.25,2.8,3.82,3.75,0.51,2.6,73916,75932,92.17,62.02,0,0,24483,31454,0.214,0.273,0.5374,0.642,48.0,265.0,151.0,13.0,39.0,25.0,50.0,266.0,149.0,11.0,38.0,23.0,57.0,266.0,144.0,6.0,33.0,17.0,0.335,0.35,481.25,400.0,480.75,600.75,526.75,595.25,247.823,228.5028,238.1629,300.0,300.0,300.0,210.6447,0.821352,161.9534,0.79658,29.98501,34.25656,641,667,680,686,1.798034,1.986894,900.51,970.9544,346,3151,71.0,1.735564,73.0,2.241379,72.0,2.095725,112,2.358309,114,2.010526,113,2.157143,78.0,1.372255,84.0,1.663105,80.0,2.133838,107,2.514124,103,2.050505,106,2.394068,91.0,1.176724,105.0,1.5625,96.0,1.946379,95,2.866906,82,3.152542,91,2.702602,2.5,1.4,2.0,2.8,3.0,2.9,2.5,1.7,2.2,1.4,3.1,2.2,1.7,3.9,2.2,1.5,3.1,2.2,85.1,79.6,82.4,82.9,36.1,62.5,84.6,71.1,78.1,0.4,930,12.61,1069,20.03,2.139,25.2,44.9,65.2,11553.04987,1358.30706,0.116421001,0.947442515,0.040825903,0.020647583,0.035664008,0.013608634,0.839511966,0.573908963,0.166588456,11.23380282,0.00140779,4.666666667,0.0229939,1.367346939,0.016424214,2.4,0.000817661,1.0,5.665639049,5,3.067681601,0.867198498,0.028625059,0.192397935,0.973721258,0.007038949,0.085405913,0.131393712,0.0,0.000469263,0.460347255,0.136555608,0.003284843,0.212942989,0.635311143,0.656710311,0.848598131,0.065057283,0.911949686,0.681972265,0.019414484,0.008936826,0.006163328,88086.76471,31426.66667,1200.0,60992.64706,2017.32567,278024.5137,1.973180077,7.297873563,245668.3492,3.6,73784.61538,0.0,0.435897436,0.012820513,0.064102564,,,,0,0,0,0,0,0,0,0,0,0,0,0,0,0,2,0,0,1,0,0,1,0,1,1,0,0,0,1,0,0,0,0,0,0,1,0,1,0,0,0,0,0,0,0,0,0,0,1,0,0,1,0,0,1,0,0,179.3427978,144,121.5224151,0.991262907,0.321683876,0.653693407,0.056393963,0.995234313,0.996028594,0.984908658,0.992851469,0.984114376,0.921366164,0.924543288,0.97299444,0.34471803,0.395552025,0.899126291,0.856235107,0.007942812,0.113582208,0.29070691,0.201747419,0.150119142,0.066719619,0.318506751,63607,6.0,6.0,22.0,3.666666667,1.0,689000,574111,0.83325254,30,21,10,28,28,38
Tamil Nadu,7.18,2.37,4.76,2.9,1.41,2.2,6869960,7930017,88.42,50.53,11910,16795,601970,771800,0.245,0.28,0.7322,0.815,20.0,225.0,127.0,11.0,39.0,26.0,20.0,231.0,129.0,11.0,41.0,27.0,20.0,238.0,131.0,12.0,42.0,27.0,0.225,0.116,434.0,213.25,364.75,607.75,302.5,524.0,352.0,186.25,269.75,462.25,270.75,363.25,69.94019,0.352974,89.2451,0.601366,35.4299,39.18192,74428,75902,76536,76765,2.443863,2.878522,181635.0,239879.9,313233,731218,54.0,1.841286,32.0,2.18985,47.0,1.895161,73,1.515625,46,1.573171,65,1.493174,61.0,1.917671,46.0,2.992958,56.0,2.03683,81,1.809006,55,2.319588,74,1.845238,67.0,1.923828,58.0,2.890625,64.0,1.960581,88,1.867604,68,2.654639,83,1.971947,6.0,3.4,5.0,5.3,6.9,5.8,5.7,4.7,5.3,4.0,3.7,3.8,4.3,7.0,5.1,4.1,4.7,4.3,80.7,52.4,66.3,81.8,32.4,57.1,81.2,43.9,62.3,56.05,158802,5677.04,162145,7414.56,3.437,48.4,52.8,57.3,12085.77013,392.5795924,0.027982065,0.714981899,0.054720134,0.009607352,0.007170705,0.006544138,0.284809245,0.433862434,0.194026734,9.089702189,0.115984405,4.56542617,0.135199109,1.59938208,0.086396547,2.097502015,0.045250321,1.368794326,5.436656526,5,3.604158613,0.897034252,0.047131718,0.128098023,0.967348928,0.298941799,0.716165414,0.056112503,0.002367029,0.005499861,0.592801448,0.292606516,0.116959064,0.219008765,0.317226116,0.642257859,0.877552708,0.076306287,0.922755741,0.754897605,0.049642525,0.00185806,0.003635335,22046.79775,12866.88312,1289.655172,18935.40952,2017.722329,176901.3845,1.940369325,15.99076558,177902.3586,1.846590909,10216.52149,0.0,0.266475645,0.085959885,0.151862464,511.3611111,1395.916667,1836.694444,227,88,58,174,649,2,78,10,56,24,312,79,102,25,437,6,91,545,249,32,132,300,569,255,923,51,153,1378,43,170,81,197,116,16,134,80,225,4,27,446,78,341,207,90,16,68,47,35,48,395,80,227,24,161,113,103,220.3537392,160,165.9231974,0.980068366,0.098892876,1.0,0.0,1.0,1.0,0.98005136,1.0,1.0,0.987738304,0.988588629,1.0,0.375605857,0.187105661,1.0,0.867825377,0.00039115,0.917977585,0.740123467,0.410928386,0.298957501,0.032482441,0.098892876,10278461,38.0,38.0,134.0,3.526315789,1.0,76860000,73950810,0.962149493,11,11,0,14,23,14
Telangana,19.51,4.92,13.18,7.51,2.73,5.88,4970151,6109132,0.0,0.0,10075,350,133470,241817,0.208,0.279,0.5715,0.648,18.0,214.0,117.0,11.0,38.0,25.0,18.0,217.0,117.0,13.0,47.0,30.0,19.0,220.0,117.0,15.0,60.0,37.0,0.167,0.102,372.25,259.25,317.25,525.75,342.5,424.0,301.5,250.5,270.5,427.0,317.0,347.25,83.83227,0.321356,124.4664,0.642211,29.14368,30.39291,36316,37346,37816,37999,2.198904,2.567497,62018.79,96028.26,97985,232145,44.0,1.032819,34.0,1.42663,39.0,1.168122,74,1.413374,50,0.848739,63,1.289432,65.0,1.973684,41.0,2.486911,57.0,2.059426,103,1.818182,64,1.524528,90,1.769341,82.0,2.279135,57.0,2.59058,76.0,2.287549,121,2.037275,87,1.245536,113,2.000679,6.3,3.7,5.2,9.7,12.0,10.3,7.7,5.8,7.0,3.3,2.1,2.8,7.1,9.6,7.8,4.7,3.8,4.4,83.4,62.4,73.1,79.2,30.8,55.6,81.8,50.4,66.5,15.16,269830,8204.09,311714,13389.28,2.571,38.9,46.1,53.5,12917.04416,1130.38729,0.078891677,0.732242853,0.214706749,0.045829649,0.028440908,0.029030357,0.530651341,0.478190392,0.151783083,10.56990291,0.018125553,4.504065041,0.015620395,1.5,0.059534335,2.893564356,0.181510015,1.441426146,5.158734114,5,3.781930654,0.86501621,0.004568229,0.100943118,0.972295903,0.1688771,0.728116711,0.057765989,0.008104922,0.007220749,0.528293546,0.191570881,0.441055113,0.263644497,0.490950226,0.537921906,0.852608268,0.159232296,0.93433084,0.701859032,0.045133711,0.001888856,0.018987971,833333.3333,2000.0,0.0,831333.3333,2017.510703,212961.2795,2.166072338,17.5579414,203443.1395,2.184931507,7474.29913,0.029565217,0.220869565,0.153043478,0.104347826,186.6444444,638.8888889,839.0888889,252,55,70,165,405,1,65,18,51,26,162,49,77,23,303,5,44,495,188,34,97,243,396,167,907,50,139,1204,32,134,38,155,123,10,92,61,142,1,31,310,104,172,168,58,21,69,57,81,42,238,65,71,23,119,74,61,222.7532066,183,154.6129576,0.804099065,0.041176334,0.667246942,0.017918901,0.95408862,0.938583664,0.676299236,0.863937052,0.90337256,0.775897686,0.900633661,0.884826962,0.229487269,0.099760927,0.917067057,0.736160435,0.000510642,0.222361488,0.751874289,0.319406727,0.055822482,0.046677344,0.040874591,6267493,31.0,31.0,47.0,1.516129032,1.0,38090000,38349916,1.006823733,7,1,0,8,11,16
Tripura,20.93,5.5,16.62,16.47,4.69,13.11,813664,865092,86.58,90.79,50,25,50030,63420,0.203,0.23,0.4066,0.563,51.0,326.0,189.0,13.0,51.0,32.0,50.0,320.0,187.0,13.0,50.0,32.0,48.0,298.0,178.0,13.0,49.0,32.0,0.173,0.066,337.0,278.5,328.25,451.5,422.25,447.25,307.5,266.25,298.25,409.0,326.25,400.0,95.08973,0.197379,194.3314,0.720643,14.53141,14.65601,3854,4012,4090,4128,1.637142,1.964618,2689.29,2340.35,1691,16603,55.0,2.088816,38.0,1.723577,52.0,1.843891,71,2.112676,57,2.104907,68,1.96256,61.0,2.047764,45.0,1.779412,57.0,1.893617,75,2.542939,63,2.538226,72,2.48008,75.0,1.950893,67.0,2.009409,74.0,1.821956,89,2.866795,85,3.347319,88,2.832992,3.0,2.5,2.8,4.7,4.2,4.6,3.3,2.8,3.2,1.3,0.6,1.1,2.6,3.8,3.0,1.5,1.1,1.4,81.6,40.8,61.3,80.7,32.2,56.1,81.4,39.2,60.4,0.95,7978,82.21,15942,214.02,1.114,26.2,37.0,48.2,12399.61081,455.2953231,0.032603778,0.827359618,0.011748307,0.007168459,0.005973716,0.004579849,0.077857427,0.576662684,0.302469136,6.744568795,0.01035444,2.692307692,0.025686977,1.11627907,0.002190362,1.818181818,0.074585635,1.388888889,4.774281454,5,2.836261564,0.668060534,0.015332537,0.046196734,0.976105137,0.43389088,0.343289526,0.039625647,0.000597372,0.001792115,0.382915173,0.027080844,0.020509757,0.244263756,0.373461012,0.320383842,0.869082126,0.01996595,0.682170543,0.775785253,0.04544442,0.005903319,0.002784585,15150.0,,,15150.0,2017.882763,104581.3853,2.110853163,15.53305281,71789.61798,2.479166667,4066.956522,0.010869565,0.163043478,0.25,0.097826087,,,,2,0,0,0,9,0,0,0,0,1,0,1,2,0,15,0,1,20,1,0,1,1,3,2,11,0,4,16,0,0,2,1,3,0,6,2,1,0,0,8,0,4,7,0,0,1,3,2,0,4,0,2,0,3,2,0,178.1753629,132,143.6263499,0.905457496,0.096165551,0.628322175,0.006897951,0.83931832,0.573341449,0.724487726,0.754919862,0.549807263,0.744775817,0.894704808,0.855954555,0.181781294,0.27672956,0.708663015,0.779874214,0.004057618,0.02901197,0.629945222,0.352809901,0.087847434,0.023128424,0.09373098,319834,8.0,8.0,57.0,7.125,1.0,4147000,3805493,0.917649626,20,44,57,8,3,0
Uttar Pradesh,44.29,17.72,37.68,26.35,11.57,22.93,7846904,9397647,93.48,86.74,470,1295,1446356,1948566,0.231,0.294,0.4688,0.507,32.0,310.0,174.0,9.0,44.0,27.0,29.0,301.0,167.0,10.0,44.0,27.0,21.0,271.0,142.0,12.0,43.0,27.0,0.106,0.112,299.75,214.25,292.75,395.5,273.25,388.75,245.0,204.5,235.0,349.5,254.25,328.0,93.2455,0.38816,169.8204,0.782803,9.690439,10.54403,214730,226708,232301,234692,1.336512,1.65835,88733.16,132130.3,218038,1470866,42.0,2.453947,34.0,1.049784,41.0,2.346257,56,1.498984,52,1.434109,55,1.427824,51.0,2.578125,51.0,2.775157,51.0,2.530788,64,2.716734,67,2.748656,64,2.622951,66.0,2.468619,68.0,2.895522,66.0,2.419528,83,3.361895,100,3.187097,85,3.283811,3.8,1.1,3.2,8.5,10.2,8.8,4.9,2.7,4.5,1.9,0.9,1.6,5.8,10.6,6.5,2.7,1.8,2.4,83.0,36.5,59.3,79.0,15.2,48.1,82.2,32.1,56.9,33.02,32193,161.76,56259,583.36,7.731,22.3,23.7,25.2,9743.05724,374.4327714,0.026913289,0.585303747,0.059195079,0.014120837,0.009524124,0.010549291,0.154138695,0.585369887,0.132147227,9.093093093,0.016270379,4.483739837,0.080789709,1.803929595,0.039816131,2.357142857,0.125586125,1.75528565,4.572085319,4,3.493670248,0.552035451,0.009226496,0.046430107,0.981480869,0.720394193,0.582095969,0.052779523,0.001058236,0.013558649,0.366711862,0.219418632,0.328218526,0.202132516,0.635701275,0.23079725,0.820970606,0.042730957,0.935535429,0.603790813,0.01276859,0.000765821,0.000795275,392581.3176,448099.5357,526760.8696,382433.3882,2017.136743,175732.0139,2.149811089,12.24593797,159738.4204,3.409764125,12513.29392,0.005657709,0.244130127,0.247241867,0.018670438,371.9622642,807.1509434,1243.773585,216,47,116,156,739,0,75,9,96,65,259,44,121,25,1100,6,66,943,175,75,272,357,710,250,1239,114,561,1796,44,133,54,265,193,14,207,152,396,5,31,847,184,464,324,48,51,192,94,76,74,478,174,357,41,160,205,124,192.7141427,137,158.9146314,0.969064614,0.032047556,0.400423942,0.016442295,0.990998008,0.845168066,0.951122633,0.965855984,0.813225139,0.967340169,0.983859967,0.926170491,0.211405365,0.193583514,0.790384958,0.761670038,0.00012013,0.120381781,0.64452789,0.472529006,0.239721144,0.088132716,0.028455285,24101757,75.0,75.0,258.0,3.44,1.0,235687000,216978472,0.920621299,19,16,18,7,3,0
Uttarakhand,21.87,9.89,17.67,10.84,7.0,9.67,733603,742633,89.02,12.07,75,50,159768,207762,0.242,0.3,0.6933,0.788,40.0,296.0,172.0,16.0,50.0,34.0,38.0,294.0,167.0,15.0,49.0,32.0,32.0,284.0,146.0,12.0,41.0,25.0,0.117,0.028,349.75,263.25,341.75,462.75,438.0,461.5,306.25,247.25,302.25,398.0,335.0,394.75,141.0805,0.646193,167.4463,0.782084,24.79273,26.33123,10699,11217,11468,11587,1.940457,2.166044,33662.37,47319.83,22776,73165,65.0,2.475296,76.0,3.087719,67.0,2.720884,79,2.300532,82,2.358631,80,2.132616,69.0,2.286245,78.0,3.132948,70.0,2.396226,81,2.256711,85,3.469828,82,2.223639,75.0,2.181122,79.0,2.993534,75.0,2.17128,85,2.038043,92,3.489583,86,2.101563,7.8,3.9,6.5,7.6,15.5,9.1,7.8,5.6,7.1,4.1,3.5,3.9,6.2,10.2,6.9,4.7,4.2,4.5,79.4,49.0,64.0,78.1,18.2,49.6,79.0,41.1,60.1,4.19,5367,35.73,11030,90.03,3.911,30.2,35.0,39.6,11155.17613,675.0964291,0.045699551,0.289217454,0.128741435,0.004688063,0.018752254,0.006130545,0.305805986,0.547060945,0.169852146,10.40552017,0.002884962,5.0,0.019834115,1.727272727,0.047601875,2.227272727,0.036255768,1.672727273,5.442278222,5,3.55478158,0.859718716,0.020194735,0.123332131,0.993869455,0.244500541,0.51352326,0.120086549,0.002884962,0.002884962,0.538766679,0.354489722,0.246303642,0.202817485,0.71092952,0.51691674,0.78827547,0.081788761,0.938848921,0.740211311,0.039361923,0.000414336,0.00103584,19000.0,0.0,0.0,19000.0,2016.926509,320616.7675,2.272965879,8.821272966,249334.133,2.097087379,9967.317073,0.024390244,0.336585366,0.092682927,0.048780488,229.3225806,998.9677419,1453.032258,16,2,6,22,102,0,6,0,5,6,21,9,8,1,68,1,5,80,13,4,13,18,95,31,138,6,30,112,6,11,3,29,14,3,16,11,41,0,2,60,11,39,26,4,0,10,6,6,1,32,16,13,3,14,57,16,216.3270718,168,158.8010731,0.941836511,0.155204909,0.480692527,0.014507999,0.969449923,0.915625685,0.880429542,0.924742494,0.886127548,0.902827087,0.951260136,0.964190226,0.273723428,0.432127986,0.915450362,0.777032654,0.000876616,0.069822485,0.616787201,0.403681788,0.068902038,0.040499671,0.143458251,2106029,13.0,13.0,32.0,2.461538462,1.0,11637000,11554695,0.992927301,23,27,32,19,8,4
West Bengal,25.66,11.56,21.29,15.15,5.04,11.89,9095203,2414813,71.57,78.66,10225,10100,548636,740080,0.228,0.305,0.5521,0.62,36.0,337.0,189.0,9.0,42.0,26.0,34.0,322.0,179.0,9.0,41.0,25.0,31.0,285.0,156.0,9.0,37.0,23.0,0.18,0.162,261.25,210.5,256.25,371.0,247.75,357.0,227.0,218.25,226.0,302.0,241.5,287.75,97.01014,0.371484,199.7371,0.727869,12.63803,13.78686,94762,97262,98404,98884,1.736595,2.029377,88995.02,106509.1,63833,278971,36.0,1.706461,29.0,1.089527,35.0,1.569602,50,2.073733,38,1.256906,48,1.633255,46.0,2.467949,40.0,2.484177,45.0,2.453209,59,2.633547,53,1.944444,58,2.39083,63.0,2.801932,52.0,1.786972,60.0,2.76875,76,2.38879,70,3.497191,75,2.544643,4.8,2.8,4.4,5.3,4.9,5.2,5.0,3.6,4.6,1.7,1.1,1.5,3.5,4.7,3.8,2.2,2.0,2.2,87.6,39.4,63.3,85.5,30.8,58.0,87.0,36.9,61.8,22.44,544272,9275.56,644443,13134.41,3.162,31.9,36.0,40.2,10580.24002,530.0627326,0.035531865,0.700430084,0.063189237,0.026356418,0.015438906,0.023875165,0.187472431,0.511413763,0.325981473,7.469891746,0.135476401,4.264143264,0.099084693,1.340567613,0.091199824,2.04171705,0.121401617,1.351687389,4.781501651,4,3.108120118,0.639777239,0.028672254,0.059825761,0.967578297,0.749669166,0.286501985,0.029333921,0.00055139,0.002536392,0.29885311,0.062803264,0.076036612,0.232677917,0.411979167,0.320564186,0.8293585,0.037285364,0.94627193,0.726088405,0.047050626,0.004786863,0.00463538,625936.6667,108666.6667,0.0,553492.2222,2017.551594,127085.5355,2.108710331,13.85135854,131114.8798,2.814814815,11702.71722,0.025276461,0.254870985,0.250131648,0.024223275,325.2567568,577.5495495,1156.558559,62,12,29,32,301,0,28,5,37,25,88,14,59,9,255,5,30,311,64,18,118,183,329,101,467,47,74,563,18,57,40,89,77,5,81,56,111,1,13,313,66,116,144,16,14,46,37,28,22,131,37,139,22,83,106,31,219.4771943,163,169.6511852,0.969401756,0.085704636,0.795132146,0.003958034,0.994902052,0.97295871,0.969327873,0.994902052,0.961570126,0.988104788,0.988178671,0.975534071,0.166722959,0.068563709,0.874050072,0.660379549,0.000337752,0.035432323,0.77247108,0.530946551,0.299670692,0.033068057,0.08549354,12272608,23.0,23.0,159.0,6.913043478,1.0,99084000,95848044,0.967341286,8,2,0,5,4,0
